,date,ticker,expected_returns
0,2020-06-30,IBM,0.04359019
1,2020-09-30,IBM,0.030505909
2,2020-12-31,IBM,-0.003958213
3,2021-03-31,IBM,0.045095205
4,2021-06-30,IBM,0.025186466
5,2021-09-30,IBM,0.042484242
6,2020-06-30,AAPL,-0.42810598
7,2020-09-30,AAPL,-0.45930865
8,2020-12-31,AAPL,0.11012932
9,2021-03-31,AAPL,-0.026982287
10,2021-06-30,AAPL,0.013740163
11,2021-09-30,AAPL,-0.175723
12,2020-06-30,MSFT,-0.20089054
13,2020-09-30,MSFT,-0.0975831
14,2020-12-31,MSFT,-0.118533105
15,2021-03-31,MSFT,-0.11719391
16,2021-06-30,MSFT,-0.11615506
17,2021-09-30,MSFT,-0.058382776
18,2020-06-30,JNJ,-0.04213349
19,2020-09-30,JNJ,-0.0036695846
20,2020-12-31,JNJ,-0.004537383
21,2021-03-31,JNJ,-0.08368581
22,2021-06-30,JNJ,-0.05819009
23,2021-09-30,JNJ,-0.0036695846
24,2020-06-30,AMZN,0.17535333
25,2020-09-30,AMZN,0.45567974
26,2020-12-31,AMZN,1.3056763
27,2021-03-31,AMZN,0.7030805
28,2021-06-30,AMZN,0.6367143
29,2021-09-30,AMZN,0.4366642
30,2020-06-30,GOOGL,-0.0036695846
31,2020-09-30,GOOGL,0.26534715
32,2020-12-31,GOOGL,0.8408932
33,2021-03-31,GOOGL,1.4876506
34,2021-06-30,GOOGL,1.9018652
35,2021-09-30,GOOGL,1.9081695
36,2020-06-30,GOOG,-0.0036695846
37,2020-09-30,GOOG,0.26947156
38,2020-12-31,GOOG,0.8468111
39,2021-03-31,GOOG,1.5037094
40,2021-06-30,GOOG,1.9004031
41,2021-09-30,GOOG,1.912205
42,2020-06-30,TSLA,-0.04736022
43,2020-09-30,TSLA,-0.15284695
44,2020-12-31,TSLA,-0.5706623
45,2021-03-31,TSLA,-0.6708308
46,2021-06-30,TSLA,-0.20236267
47,2021-09-30,TSLA,-0.10591039
48,2020-06-30,FB,-0.14482988
49,2020-09-30,FB,-0.13902241
50,2020-12-31,FB,0.0057432423
51,2021-03-31,FB,-0.15993898
52,2021-06-30,FB,0.017572546
53,2021-09-30,FB,-0.068248175
54,2020-07-26,NVDA,-0.15986863
55,2020-10-25,NVDA,-0.0420578
56,2021-01-31,NVDA,-0.04312429
57,2021-05-02,NVDA,-0.048656434
58,2021-08-01,NVDA,-0.08180918
59,2020-06-30,BRK-B,0.36872166
60,2020-09-30,BRK-B,0.47618446
61,2020-12-31,BRK-B,1.9651937
62,2021-03-31,BRK-B,-0.021085773
63,2021-06-30,BRK-B,0.5621114
64,2021-09-30,BRK-B,0.10982124
65,2020-06-30,JPM,0.19555269
66,2020-09-30,JPM,0.1234282
67,2020-12-31,JPM,-0.15823983
68,2021-03-31,JPM,0.05606583
69,2021-06-30,JPM,0.047827907
70,2021-09-30,JPM,-0.11260371
71,2020-06-30,UNH,-0.0036695846
72,2020-09-30,UNH,-0.031232772
73,2020-12-31,UNH,-0.028132854
74,2021-03-31,UNH,-0.0036695846
75,2021-06-30,UNH,-0.023424728
76,2021-09-30,UNH,-0.037410084
77,2020-05-03,HD,-0.056764916
78,2020-08-02,HD,-0.038989544
79,2020-11-01,HD,-0.05137489
80,2021-01-31,HD,-0.05852954
81,2021-05-02,HD,-0.060738493
82,2021-08-01,HD,-0.046933446
83,2020-06-30,PG,-0.06285858
84,2020-09-30,PG,-0.07665513
85,2020-12-31,PG,-0.078959465
86,2021-03-31,PG,-0.074581556
87,2021-06-30,PG,-0.057609607
88,2021-09-30,PG,-0.09211842
89,2020-06-30,V,0.017194519
90,2020-09-30,V,0.028420163
91,2020-12-31,V,0.06085774
92,2021-03-31,V,0.041876115
93,2021-06-30,V,0.03755379
94,2021-09-30,V,0.08612692
95,2020-06-30,BAC,0.031794347
96,2020-09-30,BAC,-0.43027678
97,2020-12-31,BAC,0.44847363
98,2021-03-31,BAC,-0.23673467
99,2021-06-30,BAC,-0.19592026
100,2021-09-30,BAC,0.19973454
101,2020-05-29,ADBE,0.112079434
102,2020-08-28,ADBE,0.13591705
103,2020-11-27,ADBE,0.18249558
104,2021-03-05,ADBE,0.11470098
105,2021-06-04,ADBE,0.13939877
106,2021-09-03,ADBE,0.16806546
107,2020-06-30,MA,0.13715337
108,2020-09-30,MA,0.12457063
109,2020-12-31,MA,0.18961689
110,2021-03-31,MA,0.18851519
111,2021-06-30,MA,0.21119763
112,2021-09-30,MA,0.17393124
113,2020-06-30,NFLX,0.028915329
114,2020-09-30,NFLX,0.029951496
115,2020-12-31,NFLX,0.16791049
116,2021-03-31,NFLX,0.10551339
117,2021-06-30,NFLX,0.082548596
118,2021-09-30,NFLX,0.072845004
119,2020-07-31,CRM,0.20356362
120,2020-10-31,CRM,0.099800475
121,2021-01-31,CRM,-0.003927359
122,2021-04-30,CRM,-0.0036695846
123,2021-07-31,CRM,-0.13037021
124,2020-06-30,PFE,-0.07878212
125,2020-09-30,PFE,-0.050078947
126,2020-12-31,PFE,-0.034627546
127,2021-03-31,PFE,-0.04625919
128,2021-06-30,PFE,0.003872618
129,2021-09-30,PFE,-0.010822466
130,2020-06-30,XOM,0.066095464
131,2020-09-30,XOM,0.068357974
132,2020-12-31,XOM,0.18549967
133,2021-03-31,XOM,-0.097131304
134,2021-06-30,XOM,-0.1781507
135,2021-09-30,XOM,-0.22847089
136,2020-06-30,TMO,0.098711826
137,2020-09-30,TMO,0.14558853
138,2020-12-31,TMO,0.20790404
139,2021-03-31,TMO,0.20584396
140,2021-06-30,TMO,0.109895855
141,2021-09-30,TMO,0.06454491
142,2020-06-30,CMCSA,-0.13293242
143,2020-09-30,CMCSA,-0.0803108
144,2020-12-31,CMCSA,-0.16255477
145,2021-03-31,CMCSA,-0.13046488
146,2021-06-30,CMCSA,-0.18205787
147,2021-09-30,CMCSA,-0.14966004
148,2020-06-30,PYPL,0.0076834527
149,2020-09-30,PYPL,0.017112652
150,2020-12-31,PYPL,0.16662888
151,2021-03-31,PYPL,0.019817838
152,2021-06-30,PYPL,0.15935194
153,2021-09-30,PYPL,0.14356829
154,2020-05-31,ACN,0.078565754
155,2020-08-31,ACN,0.14301804
156,2020-11-30,ACN,0.1002657
157,2021-02-28,ACN,0.11063248
158,2021-05-31,ACN,0.115100965
159,2021-08-31,ACN,0.09897289
160,2020-07-25,CSCO,-0.0817856
161,2020-10-24,CSCO,-0.13612735
162,2021-01-23,CSCO,-0.1161993
163,2021-05-01,CSCO,-0.12234102
164,2021-07-31,CSCO,-0.04361504
165,2020-06-13,PEP,-0.0039251903
166,2020-09-05,PEP,-0.0019714064
167,2020-12-31,PEP,-0.08085808
168,2021-03-20,PEP,0.028041372
169,2021-06-12,PEP,0.020451007
170,2021-09-04,PEP,0.025368538
171,2020-06-30,CVX,0.16316666
172,2020-09-30,CVX,0.026399046
173,2020-12-31,CVX,0.047256842
174,2021-03-31,CVX,-0.08583134
175,2021-06-30,CVX,-0.20162743
176,2021-09-30,CVX,-0.21087
177,2020-05-31,NKE,-0.060475152
178,2020-08-31,NKE,-0.0036695846
179,2020-11-30,NKE,-0.0036695846
180,2021-02-28,NKE,0.0035184869
181,2021-05-31,NKE,-0.008631869
182,2021-08-31,NKE,0.05265003
183,2020-06-30,KO,-0.111915685
184,2020-09-30,KO,-0.09515018
185,2020-12-31,KO,-0.026421651
186,2021-03-31,KO,-0.086987846
187,2021-06-30,KO,-0.013162248
188,2021-09-30,KO,-0.032209706
189,2020-06-30,VZ,-0.16862603
190,2020-09-30,VZ,-0.072544165
191,2020-12-31,VZ,-0.052873142
192,2021-03-31,VZ,-0.077454485
193,2021-06-30,VZ,-0.103684
194,2021-09-30,VZ,-0.17824502
195,2020-06-30,MRK,-0.0037029614
196,2020-09-30,MRK,-0.0037381195
197,2020-12-31,MRK,0.078412555
198,2021-03-31,MRK,-0.059736073
199,2021-06-30,MRK,-0.03795948
200,2021-09-30,MRK,-0.057325568
201,2020-06-30,QCOM,-0.063177675
202,2020-09-30,QCOM,-0.0036695846
203,2020-12-31,QCOM,-0.0059845103
204,2021-03-31,QCOM,-0.0066338005
205,2021-06-30,QCOM,-0.0074474774
206,2021-09-30,QCOM,-0.0036695846
207,2020-06-30,LLY,0.017952517
208,2020-09-30,LLY,0.051194966
209,2020-12-31,LLY,0.100165956
210,2021-03-31,LLY,0.067257084
211,2021-06-30,LLY,0.038049668
212,2021-09-30,LLY,0.052461855
213,2020-06-30,ABBV,-0.23303412
214,2020-09-30,ABBV,0.019023962
215,2020-12-31,ABBV,0.0651139
216,2021-03-31,ABBV,-0.0036695846
217,2021-06-30,ABBV,0.0543222
218,2021-09-30,ABBV,-0.002625682
219,2020-06-30,WFC,-1.4718878
220,2020-09-30,WFC,-0.39450637
221,2020-12-31,WFC,-0.07902495
222,2021-03-31,WFC,-0.010391729
223,2021-06-30,WFC,0.047056418
224,2021-09-30,WFC,0.16968635
225,2020-07-31,WMT,-0.11846891
226,2020-10-31,WMT,-0.057257332
227,2021-01-31,WMT,0.045765363
228,2021-04-30,WMT,-0.11721732
229,2021-07-31,WMT,0.09156471
230,2020-06-30,INTC,-0.04481142
231,2020-09-30,INTC,-0.106950596
232,2020-12-31,INTC,-0.09701643
233,2021-03-31,INTC,-0.036282625
234,2021-06-30,INTC,-0.10113156
235,2021-09-30,INTC,0.0022840304
236,2020-06-30,DHR,0.07534786
237,2020-09-30,DHR,0.057058826
238,2020-12-31,DHR,0.0647988
239,2021-03-31,DHR,0.06360394
240,2021-06-30,DHR,0.042084746
241,2021-09-30,DHR,-0.12988825
242,2020-06-30,MCD,-0.06289992
243,2020-09-30,MCD,-0.029934887
244,2020-12-31,MCD,-0.049189802
245,2021-03-31,MCD,-0.021550504
246,2021-06-30,MCD,0.02822409
247,2021-09-30,MCD,0.016561054
248,2020-06-30,AMD,-0.023294581
249,2020-09-30,AMD,0.0197183
250,2020-12-31,AMD,0.15670435
251,2021-03-31,AMD,0.012415692
252,2021-06-30,AMD,0.033700857
253,2021-09-30,AMD,0.07759918
254,2020-06-30,TXN,-0.026885325
255,2020-09-30,TXN,0.04875847
256,2020-12-31,TXN,-0.016450638
257,2021-03-31,TXN,0.051836766
258,2021-06-30,TXN,0.06146731
259,2021-09-30,TXN,0.06130519
260,2020-07-31,LOW,-0.013695482
261,2020-10-30,LOW,-0.054922804
262,2021-01-29,LOW,0.03523475
263,2021-04-30,LOW,0.00079107424
264,2021-07-30,LOW,-0.020858957
265,2020-06-30,T,0.085239716
266,2020-09-30,T,-0.026487987
267,2020-12-31,T,0.7160282
268,2021-03-31,T,-0.045398146
269,2021-06-30,T,-0.077777706
270,2021-09-30,T,-0.2145497
271,2020-07-31,INTU,0.115488835
272,2020-10-31,INTU,0.19374034
273,2021-01-31,INTU,0.059881125
274,2021-04-30,INTU,0.14965287
275,2021-07-31,INTU,0.22354183
276,2021-10-31,INTU,0.23094583
277,2020-06-30,NEE,0.027450075
278,2020-09-30,NEE,0.036471993
279,2020-12-31,NEE,0.06674607
280,2021-03-31,NEE,0.025835555
281,2021-06-30,NEE,0.06367934
282,2021-09-30,NEE,0.06357756
283,2020-07-31,MDT,0.031255618
284,2020-10-30,MDT,0.021074645
285,2021-01-29,MDT,-0.0035218848
286,2021-04-30,MDT,0.026065432
287,2021-07-30,MDT,-0.00378717
288,2020-06-30,UNP,-0.04603513
289,2020-09-30,UNP,-0.04004235
290,2020-12-31,UNP,0.05433279
291,2021-03-31,UNP,-0.04358714
292,2021-06-30,UNP,-0.005085845
293,2021-09-30,UNP,-0.039649792
294,2020-05-31,ORCL,-0.16975293
295,2020-08-31,ORCL,-0.053422853
296,2020-11-30,ORCL,-0.015472226
297,2021-02-28,ORCL,-0.08519385
298,2021-05-31,ORCL,-0.13200535
299,2021-08-31,ORCL,-0.07686487
300,2020-06-30,HON,-0.0036978256
301,2020-09-30,HON,-0.0035904548
302,2020-12-31,HON,0.008850012
303,2021-03-31,HON,0.02303174
304,2021-06-30,HON,0.0143712815
305,2021-09-30,HON,-0.0027026874
306,2020-06-30,UPS,0.007799922
307,2020-09-30,UPS,-0.0036695846
308,2020-12-31,UPS,-0.1257974
309,2021-03-31,UPS,-0.004726684
310,2021-06-30,UPS,-0.0036695846
311,2021-09-30,UPS,-0.0036695846
312,2020-07-26,AMAT,-0.01739482
313,2020-10-25,AMAT,-0.048416924
314,2021-01-31,AMAT,-0.022533242
315,2021-05-02,AMAT,-0.06616758
316,2021-08-01,AMAT,-0.021497587
317,2020-06-30,PM,-0.0044459603
318,2020-09-30,PM,-0.004423543
319,2020-12-31,PM,-0.004876525
320,2021-03-31,PM,-0.004265515
321,2021-06-30,PM,-0.004292298
322,2021-09-30,PM,-0.004259852
323,2020-06-30,MS,0.10978576
324,2020-09-30,MS,0.015039468
325,2020-12-31,MS,-0.028832514
326,2021-03-31,MS,0.04957262
327,2021-06-30,MS,0.050693054
328,2021-09-30,MS,0.08513532
329,2020-06-30,C,0.27901718
330,2020-09-30,C,0.05948477
331,2020-12-31,C,0.13092625
332,2021-03-31,C,0.05018841
333,2021-06-30,C,0.14255968
334,2021-09-30,C,0.1611511
335,2020-06-30,NOW,0.20170824
336,2020-09-30,NOW,0.18490294
337,2020-12-31,NOW,0.18787123
338,2021-03-31,NOW,0.1879414
339,2021-06-30,NOW,0.17532504
340,2021-09-30,NOW,0.19939238
341,2020-06-30,SBUX,-0.1808707
342,2020-09-30,SBUX,-0.035477363
343,2020-12-31,SBUX,-0.016599093
344,2021-03-31,SBUX,-0.014901353
345,2021-06-30,SBUX,-0.0050228466
346,2021-09-30,SBUX,-0.026028614
347,2020-06-30,GS,0.0060715885
348,2020-09-30,GS,-0.035542313
349,2020-12-31,GS,0.045829244
350,2021-03-31,GS,-0.025285246
351,2021-06-30,GS,0.13572763
352,2021-09-30,GS,0.080664575
353,2020-06-30,BLK,-0.04279425
354,2020-09-30,BLK,-0.04278157
355,2020-12-31,BLK,-0.1613008
356,2021-03-31,BLK,0.033905316
357,2021-06-30,BLK,0.06833426
358,2021-09-30,BLK,0.052501146
359,2020-06-30,BMY,0.08529418
360,2020-09-30,BMY,0.046901833
361,2020-12-31,BMY,0.10436693
362,2021-03-31,BMY,0.025194058
363,2021-06-30,BMY,0.070459776
364,2021-09-30,BMY,0.06204908
365,2020-06-30,RTX,0.20143844
366,2020-09-30,RTX,0.002112614
367,2020-12-31,RTX,-0.0039355694
368,2021-03-31,RTX,-0.021000262
369,2021-06-30,RTX,-0.0038701408
370,2021-09-30,RTX,-0.025652753
371,2020-06-30,ISRG,0.115120284
372,2020-09-30,ISRG,0.105697595
373,2020-12-31,ISRG,0.12781918
374,2021-03-31,ISRG,0.11591003
375,2021-06-30,ISRG,0.13142568
376,2021-09-30,ISRG,0.13203955
377,2020-06-30,CVS,-0.062430095
378,2020-09-30,CVS,-0.0065607456
379,2020-12-31,CVS,-0.13307755
380,2021-03-31,CVS,-0.0036695846
381,2021-06-30,CVS,-0.0036695846
382,2021-09-30,CVS,-0.0056085326
383,2020-06-30,BA,-0.77081835
384,2020-09-30,BA,-0.48615277
385,2020-12-31,BA,-0.64548105
386,2021-03-31,BA,-0.48118624
387,2021-06-30,BA,-0.18434885
388,2021-09-30,BA,-0.18652686
389,2020-05-02,TGT,-0.043267153
390,2020-08-01,TGT,0.03510209
391,2020-10-31,TGT,0.08362906
392,2021-01-30,TGT,-0.044746637
393,2021-05-01,TGT,0.031748068
394,2021-07-31,TGT,0.017140433
395,2020-06-30,SCHW,-0.5694343
396,2020-09-30,SCHW,-0.060401835
397,2020-12-31,SCHW,-0.00614042
398,2021-03-31,SCHW,0.04844001
399,2021-06-30,SCHW,-0.014569461
400,2021-09-30,SCHW,-0.011571268
401,2020-06-30,AMT,-0.040385656
402,2020-09-30,AMT,-0.011825899
403,2020-12-31,AMT,0.122187294
404,2021-03-31,AMT,0.005838889
405,2021-06-30,AMT,-0.03590437
406,2021-09-30,AMT,0.013532551
407,2020-06-30,AMGN,0.13363065
408,2020-09-30,AMGN,0.16198586
409,2020-12-31,AMGN,0.16692011
410,2021-03-31,AMGN,0.10262268
411,2021-06-30,AMGN,-0.004563492
412,2021-09-30,AMGN,0.071891636
413,2020-06-30,AXP,-0.045908146
414,2020-09-30,AXP,-0.0044868547
415,2020-12-31,AXP,0.06835822
416,2021-03-31,AXP,0.12926865
417,2021-06-30,AXP,0.091628335
418,2021-09-30,AXP,0.097920634
419,2020-06-30,SPGI,0.12987311
420,2020-09-30,SPGI,0.15281919
421,2020-12-31,SPGI,0.13841598
422,2021-03-31,SPGI,0.13152803
423,2021-06-30,SPGI,0.13362531
424,2021-09-30,SPGI,0.14769053
425,2020-06-30,PLD,-0.003972665
426,2020-09-30,PLD,0.002605409
427,2020-12-31,PLD,-0.0019360015
428,2021-03-31,PLD,-0.0039251586
429,2021-06-30,PLD,0.037771877
430,2021-09-30,PLD,0.053291745
431,2020-06-30,GE,-0.074468285
432,2020-09-30,GE,0.020051977
433,2020-12-31,GE,0.006247915
434,2021-03-31,GE,-0.14841922
435,2021-06-30,GE,-0.045467135
436,2021-09-30,GE,-0.06790846
437,2020-06-30,CAT,0.00766334
438,2020-09-30,CAT,-0.0021394305
439,2020-12-31,CAT,0.007108697
440,2021-03-31,CAT,-0.0036695846
441,2021-06-30,CAT,-0.0036695846
442,2021-09-30,CAT,-0.0036695846
443,2020-06-30,ZTS,0.094735354
444,2020-09-30,ZTS,0.07386529
445,2020-12-31,ZTS,0.10526482
446,2021-03-31,ZTS,0.08283908
447,2021-06-30,ZTS,0.09916876
448,2021-09-30,ZTS,0.12663761
449,2020-06-30,ANTM,-0.0036695846
450,2020-09-30,ANTM,-0.0036695846
451,2020-12-31,ANTM,-0.0036695846
452,2021-03-31,ANTM,-0.0036695846
453,2021-06-30,ANTM,-0.0036695846
454,2021-09-30,ANTM,-0.0036695846
455,2020-06-30,MMM,0.08740259
456,2020-09-30,MMM,0.07567787
457,2020-12-31,MMM,0.09982347
458,2021-03-31,MMM,0.08862952
459,2021-06-30,MMM,0.042555045
460,2021-09-30,MMM,0.0347142
461,2020-05-03,DE,0.10969669
462,2020-08-02,DE,-0.023765033
463,2020-11-01,DE,-0.033132657
464,2021-01-31,DE,0.1257378
465,2021-05-02,DE,0.0503402
466,2021-08-01,DE,-0.03898471
467,2020-05-02,ADI,0.033501286
468,2020-08-01,ADI,0.024613637
469,2020-10-31,ADI,0.029886523
470,2021-01-30,ADI,0.032356095
471,2021-05-01,ADI,-0.07221914
472,2021-07-31,ADI,-0.021257788
473,2020-06-30,ADP,0.07863897
474,2020-09-30,ADP,0.070256285
475,2020-12-31,ADP,0.111825004
476,2021-03-31,ADP,0.11609996
477,2021-06-30,ADP,0.12628202
478,2021-09-30,ADP,0.124401145
479,2020-06-30,BKNG,-0.09026256
480,2020-09-30,BKNG,-0.04790404
481,2020-12-31,BKNG,-0.162863
482,2021-03-31,BKNG,-0.26416522
483,2021-06-30,BKNG,-0.18194099
484,2021-09-30,BKNG,-0.11186607
485,2020-06-30,COP,-0.024495406
486,2020-09-30,COP,-0.013030456
487,2020-12-31,COP,-0.024169482
488,2021-03-31,COP,-0.0038120367
489,2021-06-30,COP,-0.016389066
490,2021-09-30,COP,-0.033784017
491,2020-06-30,LRCX,0.0793579
492,2020-09-30,LRCX,0.0784628
493,2020-12-31,LRCX,0.080930546
494,2021-03-31,LRCX,0.061651442
495,2021-06-30,LRCX,0.12411652
496,2021-09-30,LRCX,0.107322864
497,2020-06-30,GM,-0.11468415
498,2020-09-30,GM,-0.29054523
499,2020-12-31,GM,0.21203953
500,2021-03-31,GM,-0.27054375
501,2021-06-30,GM,-0.24887997
502,2021-09-30,GM,-0.19314316
503,2020-05-02,TJX,-0.032167744
504,2020-08-01,TJX,-0.027609892
505,2020-10-31,TJX,-0.004953888
506,2021-01-30,TJX,-0.017275056
507,2021-05-01,TJX,-0.015129652
508,2021-07-31,TJX,0.0021425718
509,2020-06-30,SYK,0.107221
510,2020-09-30,SYK,0.10647841
511,2020-12-31,SYK,0.0133682005
512,2021-03-31,SYK,0.16216204
513,2021-06-30,SYK,0.17047708
514,2021-09-30,SYK,0.1807843
515,2020-06-30,MDLZ,0.028097736
516,2020-09-30,MDLZ,-0.0038219998
517,2020-12-31,MDLZ,-0.0039180815
518,2021-03-31,MDLZ,7.687253e-05
519,2021-06-30,MDLZ,-0.0015782851
520,2021-09-30,MDLZ,-0.0038595912
521,2020-06-30,CHTR,-0.044802357
522,2020-09-30,CHTR,-0.05135049
523,2020-12-31,CHTR,-0.06293726
524,2021-03-31,CHTR,-0.07333304
525,2021-06-30,CHTR,-0.059256326
526,2021-09-30,CHTR,-0.077623494
527,2020-05-28,MU,0.013617668
528,2020-09-03,MU,0.034585126
529,2020-12-03,MU,-0.00618901
530,2021-03-04,MU,-0.006470522
531,2021-06-03,MU,0.08535173
532,2021-09-02,MU,0.11662259
533,2020-06-30,PNC,-0.09353954
534,2020-09-30,PNC,0.012971662
535,2020-12-31,PNC,-0.0725561
536,2021-03-31,PNC,-0.114114575
537,2021-06-30,PNC,0.01538853
538,2021-09-30,PNC,0.06267441
539,2020-06-30,GILD,-0.036381964
540,2020-09-30,GILD,0.011945151
541,2020-12-31,GILD,-0.078914255
542,2021-03-31,GILD,-0.003886108
543,2021-06-30,GILD,-0.0037416432
544,2021-09-30,GILD,-0.0036695846
545,2020-06-30,MMC,0.06588575
546,2020-09-30,MMC,0.08629205
547,2020-12-31,MMC,0.09240001
548,2021-03-31,MMC,0.0693105
549,2021-06-30,MMC,0.095913276
550,2021-09-30,MMC,0.11816207
551,2020-06-30,LMT,0.026541255
552,2020-09-30,LMT,0.016474897
553,2020-12-31,LMT,0.011935387
554,2021-03-31,LMT,0.009516181
555,2021-06-30,LMT,0.022546262
556,2021-09-30,LMT,0.04562205
557,2020-06-30,CB,0.028449597
558,2020-09-30,CB,-0.004199676
559,2020-12-31,CB,0.0854271
560,2021-03-31,CB,0.087458394
561,2021-06-30,CB,0.07206516
562,2021-09-30,CB,0.084579386
563,2020-06-30,TFC,-0.011467101
564,2020-09-30,TFC,0.036966357
565,2020-12-31,TFC,-0.0056635854
566,2021-03-31,TFC,0.015668428
567,2021-06-30,TFC,0.030709354
568,2021-09-30,TFC,0.0067583243
569,2020-06-30,CSX,-0.012884766
570,2020-09-30,CSX,-0.011865962
571,2020-12-31,CSX,-0.0042890543
572,2021-03-31,CSX,-0.004288498
573,2021-06-30,CSX,-0.012821479
574,2021-09-30,CSX,-0.004249774
575,2020-06-30,CME,0.051168013
576,2020-09-30,CME,0.048030492
577,2020-12-31,CME,-0.43836185
578,2021-03-31,CME,0.024387052
579,2021-06-30,CME,0.016837543
580,2021-09-30,CME,0.010519883
581,2020-06-30,MO,-0.025203852
582,2020-09-30,MO,-0.015414823
583,2020-12-31,MO,-0.035082787
584,2021-03-31,MO,-0.0134624895
585,2021-06-30,MO,-0.05180372
586,2021-09-30,MO,-0.026023967
587,2020-06-30,EL,0.11313256
588,2020-09-30,EL,0.11492967
589,2020-12-31,EL,0.13147633
590,2021-03-31,EL,0.16841547
591,2021-06-30,EL,0.20977938
592,2021-09-30,EL,0.20403774
593,2020-06-30,SHW,0.07361139
594,2020-09-30,SHW,0.12304913
595,2020-12-31,SHW,0.11824658
596,2021-03-31,SHW,0.028534794
597,2021-06-30,SHW,0.011477748
598,2021-09-30,SHW,-0.005344345
599,2020-06-30,CCI,0.039717134
600,2020-09-30,CCI,0.015392629
601,2020-12-31,CCI,0.0861173
602,2021-03-31,CCI,-0.009569578
603,2021-06-30,CCI,0.06876593
604,2021-09-30,CCI,0.052403253
605,2020-06-30,USB,0.000819759
606,2020-09-30,USB,0.021516003
607,2020-12-31,USB,0.0039465777
608,2021-03-31,USB,-0.043162677
609,2021-06-30,USB,0.02156301
610,2021-09-30,USB,0.012281282
611,2020-06-30,F,-0.16378732
612,2020-09-30,F,-0.047323853
613,2020-12-31,F,-0.46177295
614,2021-03-31,F,-0.08028804
615,2021-06-30,F,-0.031426907
616,2021-09-30,F,-0.022362243
617,2020-06-30,ICE,-7.201778e-05
618,2020-09-30,ICE,-0.0046249744
619,2020-12-31,ICE,-0.003864185
620,2021-03-31,ICE,-0.0038319987
621,2021-06-30,ICE,0.029653957
622,2021-09-30,ICE,0.005883564
623,2020-06-30,DUK,0.04633212
624,2020-09-30,DUK,0.024299983
625,2020-12-31,DUK,0.042830795
626,2021-03-31,DUK,0.03792793
627,2021-06-30,DUK,0.03743184
628,2021-09-30,DUK,0.015713483
629,2020-06-30,EW,0.0010548374
630,2020-09-30,EW,0.046657156
631,2020-12-31,EW,-0.0011907152
632,2021-03-31,EW,0.048162647
633,2021-06-30,EW,0.05591859
634,2021-09-30,EW,0.09373224
635,2020-06-30,BDX,0.025889741
636,2020-09-30,BDX,0.09330335
637,2020-12-31,BDX,0.020899482
638,2021-03-31,BDX,0.07046987
639,2021-06-30,BDX,0.030310748
640,2020-06-30,EQIX,-0.06778345
641,2020-09-30,EQIX,-0.0773819
642,2020-12-31,EQIX,-0.026399648
643,2021-03-31,EQIX,0.00917395
644,2021-06-30,EQIX,0.051644634
645,2021-09-30,EQIX,0.056193765
646,2020-07-31,ADSK,0.14752491
647,2020-10-31,ADSK,0.14926127
648,2021-01-31,ADSK,0.11283396
649,2021-04-30,ADSK,0.18462573
650,2021-07-31,ADSK,0.18807158
651,2020-06-30,ETN,0.023962308
652,2020-09-30,ETN,0.04163858
653,2020-12-31,ETN,0.065861054
654,2021-03-31,ETN,-0.042207573
655,2021-06-30,ETN,-0.030117357
656,2021-09-30,ETN,0.06400577
657,2020-06-30,ITW,0.06983215
658,2020-09-30,ITW,0.057736706
659,2020-12-31,ITW,0.07735502
660,2021-03-31,ITW,0.05592562
661,2021-06-30,ITW,0.0625862
662,2021-09-30,ITW,0.05378894
663,2020-06-30,TMUS,0.04770905
664,2020-09-30,TMUS,0.025427815
665,2020-12-31,TMUS,-0.06349536
666,2021-03-31,TMUS,-0.00693983
667,2021-06-30,TMUS,0.0158189
668,2021-09-30,TMUS,-0.0021534287
669,2020-06-30,COF,-0.047646385
670,2020-09-30,COF,-0.034706462
671,2020-12-31,COF,0.006176409
672,2021-03-31,COF,0.1380583
673,2021-06-30,COF,0.032739617
674,2021-09-30,COF,-0.01122701
675,2020-06-30,HCA,-0.0036695846
676,2020-09-30,HCA,-0.0036950328
677,2020-12-31,HCA,-0.0036695846
678,2021-03-31,HCA,-0.0036695846
679,2021-06-30,HCA,-0.0036695846
680,2021-09-30,HCA,-0.010030277
681,2020-06-30,ECL,-0.2455739
682,2020-09-30,ECL,0.07843913
683,2020-12-31,ECL,0.13789682
684,2021-03-31,ECL,0.09345608
685,2021-06-30,ECL,0.0927158
686,2021-09-30,ECL,0.09210333
687,2020-06-30,BSX,-0.016727798
688,2020-09-30,BSX,-0.004471056
689,2020-12-31,BSX,-0.013456596
690,2021-03-31,BSX,-0.0042511965
691,2021-06-30,BSX,-0.004249402
692,2021-09-30,BSX,-0.004279145
693,2020-06-30,JCI,-0.0026155447
694,2020-09-30,JCI,-0.004070921
695,2020-12-31,JCI,-0.004050963
696,2021-03-31,JCI,-0.0040235645
697,2021-06-30,JCI,-0.004017899
698,2021-09-30,JCI,-0.0039948924
699,2020-06-30,FCX,-0.05044522
700,2020-09-30,FCX,-0.08000722
701,2020-12-31,FCX,-0.055902135
702,2021-03-31,FCX,-0.03157282
703,2021-06-30,FCX,-0.039887212
704,2021-09-30,FCX,-0.015273364
705,2020-06-30,HUM,-0.0036695846
706,2020-09-30,HUM,-0.011371337
707,2020-12-31,HUM,-0.023451954
708,2021-03-31,HUM,-0.004408171
709,2021-06-30,HUM,-0.016796857
710,2021-09-30,HUM,-0.0036695846
711,2020-06-30,EMR,-0.014504395
712,2020-09-30,EMR,0.029450344
713,2020-12-31,EMR,-0.00397944
714,2021-03-31,EMR,-0.0021725656
715,2021-06-30,EMR,0.021145968
716,2021-09-30,EMR,0.060777303
717,2020-06-30,ILMN,0.032637924
718,2020-09-30,ILMN,0.020502783
719,2020-12-31,ILMN,0.07222011
720,2021-03-31,ILMN,0.068907775
721,2021-06-30,ILMN,0.10476085
722,2021-09-30,ILMN,0.06487465
723,2020-06-30,IDXX,0.09876945
724,2020-09-30,IDXX,0.16899115
725,2020-12-31,IDXX,0.196432
726,2021-03-31,IDXX,0.1513161
727,2021-06-30,IDXX,0.19412963
728,2021-09-30,IDXX,0.21671487
729,2020-06-30,SPG,-0.052592933
730,2020-09-30,SPG,0.0066226753
731,2020-12-31,SPG,-0.0030070704
732,2021-03-31,SPG,0.043827638
733,2021-06-30,SPG,0.07746699
734,2021-09-30,SPG,0.087717295
735,2020-06-30,XLNX,-0.0040880656
736,2020-09-30,XLNX,0.028661845
737,2020-12-31,XLNX,0.030994708
738,2021-03-31,XLNX,0.064700365
739,2021-06-30,XLNX,0.07449271
740,2021-09-30,XLNX,0.10052291
741,2020-07-31,SNPS,0.102570735
742,2020-10-31,SNPS,0.13069634
743,2021-01-31,SNPS,0.15202089
744,2021-04-30,SNPS,0.14659144
745,2021-07-31,SNPS,0.16596794
746,2020-06-30,TEL,0.02981753
747,2020-09-30,TEL,0.069734894
748,2020-12-31,TEL,0.06177974
749,2021-03-31,TEL,0.04192898
750,2021-06-30,TEL,0.05964404
751,2021-09-30,TEL,0.08325342
752,2020-06-30,MSCI,0.17036691
753,2020-09-30,MSCI,0.16696633
754,2020-12-31,MSCI,0.21476017
755,2021-03-31,MSCI,0.139362
756,2021-06-30,MSCI,0.24409366
757,2021-09-30,MSCI,0.24443388
758,2020-06-30,NOC,0.15175302
759,2020-09-30,NOC,0.16385153
760,2020-12-31,NOC,0.25143293
761,2021-03-31,NOC,0.26997927
762,2021-06-30,NOC,0.19889547
763,2021-09-30,NOC,0.22829415
764,2020-07-31,DG,0.063583896
765,2020-10-30,DG,0.12178286
766,2021-01-29,DG,0.10140363
767,2021-04-30,DG,0.10745302
768,2021-07-30,DG,0.1223262
769,2020-06-30,PGR,0.014959618
770,2020-09-30,PGR,-0.0024515013
771,2020-12-31,PGR,0.0018740115
772,2021-03-31,PGR,-0.0039544133
773,2021-06-30,PGR,-0.0042358506
774,2021-09-30,PGR,-0.0043810913
775,2020-06-30,ROP,0.009994717
776,2020-09-30,ROP,-0.01895659
777,2020-12-31,ROP,-0.006120876
778,2021-03-31,ROP,-0.02304812
779,2021-06-30,ROP,-0.034558523
780,2021-09-30,ROP,-0.043165926
781,2020-06-30,EXC,0.055217866
782,2020-09-30,EXC,0.058178145
783,2020-12-31,EXC,0.059887398
784,2021-03-31,EXC,0.09884997
785,2021-06-30,EXC,0.06893682
786,2021-09-30,EXC,0.056670636
787,2020-06-30,CDNS,0.0032202606
788,2020-09-30,CDNS,0.018274488
789,2020-12-31,CDNS,0.09797167
790,2021-03-31,CDNS,0.07531471
791,2021-06-30,CDNS,0.09415469
792,2021-09-30,CDNS,0.12166952
793,2020-05-31,INFO,0.027580624
794,2020-08-31,INFO,0.046991106
795,2020-11-30,INFO,0.035530787
796,2021-02-28,INFO,0.016631944
797,2021-05-31,INFO,0.046081252
798,2021-08-31,INFO,0.085371345
799,2020-06-30,IQV,0.009923669
800,2020-09-30,IQV,0.028259216
801,2020-12-31,IQV,0.104573764
802,2021-03-31,IQV,0.06489269
803,2021-06-30,IQV,0.043909494
804,2021-09-30,IQV,0.042762667
805,2020-06-30,APH,0.02423898
806,2020-09-30,APH,0.019687042
807,2020-12-31,APH,0.033242498
808,2021-03-31,APH,0.009773251
809,2021-06-30,APH,0.000667708
810,2021-09-30,APH,0.047730096
811,2020-06-30,PSA,0.09664367
812,2020-09-30,PSA,0.10853768
813,2020-12-31,PSA,0.10043926
814,2021-03-31,PSA,0.115730114
815,2021-06-30,PSA,0.09816933
816,2021-09-30,PSA,0.14564577
817,2020-06-30,EOG,0.060223926
818,2020-09-30,EOG,0.00684387
819,2020-12-31,EOG,-0.029556269
820,2021-03-31,EOG,0.033719033
821,2021-06-30,EOG,0.030954512
822,2021-09-30,EOG,0.020122308
823,2020-07-31,A,0.061514985
824,2020-10-31,A,0.07180863
825,2021-01-31,A,0.07102408
826,2021-04-30,A,0.07868657
827,2021-07-31,A,0.09332826
828,2020-06-30,ALGN,0.08725446
829,2020-09-30,ALGN,0.12668717
830,2020-12-31,ALGN,0.09784996
831,2021-03-31,ALGN,0.09416558
832,2021-06-30,ALGN,0.08894322
833,2021-09-30,ALGN,0.09911677
834,2020-06-30,CMG,0.18953888
835,2020-09-30,CMG,0.2574008
836,2020-12-31,CMG,0.30579865
837,2021-03-31,CMG,0.28475937
838,2021-06-30,CMG,0.29264352
839,2021-09-30,CMG,0.14209352
840,2020-06-30,ATVI,-0.045810595
841,2020-09-30,ATVI,-0.038961645
842,2020-12-31,ATVI,-0.024408901
843,2021-03-31,ATVI,-0.0143558625
844,2021-06-30,ATVI,-0.009631261
845,2021-09-30,ATVI,-0.054401156
846,2020-06-30,TROW,0.09178327
847,2020-09-30,TROW,0.09083999
848,2020-12-31,TROW,0.09931625
849,2021-03-31,TROW,0.09674258
850,2021-06-30,TROW,0.11846754
851,2021-09-30,TROW,0.13116536
852,2020-06-30,APTV,-0.0041666348
853,2020-09-30,APTV,0.06420084
854,2020-12-31,APTV,0.11935721
855,2021-03-31,APTV,0.06587825
856,2021-06-30,APTV,0.07386433
857,2021-09-30,APTV,0.07447663
858,2020-06-30,EBAY,-0.03162803
859,2020-09-30,EBAY,-0.04797141
860,2020-12-31,EBAY,-0.011771787
861,2021-03-31,EBAY,-0.024093468
862,2021-06-30,EBAY,-0.05797505
863,2021-09-30,EBAY,-0.02177758
864,2020-06-30,VRTX,0.020175997
865,2020-09-30,VRTX,0.049198814
866,2020-12-31,VRTX,0.037487153
867,2021-03-31,VRTX,0.033042744
868,2021-06-30,VRTX,0.12205904
869,2021-09-30,VRTX,0.019798553
870,2020-06-30,AIG,-0.015734723
871,2020-09-30,AIG,-0.008479616
872,2020-12-31,AIG,-0.008251557
873,2021-03-31,AIG,-0.12452691
874,2021-06-30,AIG,-0.005226489
875,2021-09-30,AIG,-0.022799874
876,2020-06-30,DLR,0.0100167785
877,2020-09-30,DLR,0.01640284
878,2020-12-31,DLR,0.013926206
879,2021-03-31,DLR,0.046804156
880,2021-06-30,DLR,0.04107871
881,2021-09-30,DLR,0.038122628
882,2020-06-30,TT,0.06108466
883,2020-09-30,TT,0.07681378
884,2020-12-31,TT,0.0835363
885,2021-03-31,TT,0.09147026
886,2021-06-30,TT,0.08815921
887,2021-09-30,TT,0.09208723
888,2020-06-30,FTNT,0.11563069
889,2020-09-30,FTNT,0.10148597
890,2020-12-31,FTNT,0.120754324
891,2021-03-31,FTNT,0.11078587
892,2021-06-30,FTNT,0.14379121
893,2021-09-30,FTNT,0.13797459
894,2020-06-30,BK,-0.11097553
895,2020-09-30,BK,-0.18764171
896,2020-12-31,BK,-0.2226864
897,2021-03-31,BK,0.016481316
898,2021-06-30,BK,0.05459051
899,2021-09-30,BK,0.034277968
900,2020-06-30,MCHP,-0.052571855
901,2020-09-30,MCHP,-0.029770618
902,2020-12-31,MCHP,-0.02789973
903,2021-03-31,MCHP,-0.03920214
904,2021-06-30,MCHP,0.044657573
905,2021-09-30,MCHP,0.046132747
906,2020-06-30,GD,-0.0055652233
907,2020-09-30,GD,0.0019397894
908,2020-12-31,GD,0.045693967
909,2021-03-31,GD,0.0071169105
910,2021-06-30,GD,0.020690925
911,2021-09-30,GD,0.03484247
912,2020-06-30,KMB,0.013677863
913,2020-09-30,KMB,0.030412162
914,2020-12-31,KMB,0.08219127
915,2021-03-31,KMB,-0.03520809
916,2021-06-30,KMB,-0.041148193
917,2021-09-30,KMB,-0.04163457
918,2020-06-30,NEM,-0.0041544335
919,2020-09-30,NEM,-0.0040380587
920,2020-12-31,NEM,-0.0040737293
921,2021-03-31,NEM,-0.0041065067
922,2021-06-30,NEM,-0.0041013714
923,2021-09-30,NEM,-0.0042104414
924,2020-06-30,MET,-0.040182073
925,2020-09-30,MET,-0.012604412
926,2020-12-31,MET,-0.034191996
927,2021-03-31,MET,-0.054726783
928,2021-06-30,MET,-0.1375337
929,2021-09-30,MET,-0.018174
930,2020-06-30,LHX,-0.0041237245
931,2020-09-30,LHX,0.0058645024
932,2020-12-31,LHX,0.017006936
933,2021-03-31,LHX,0.06091493
934,2021-06-30,LHX,0.0877058
935,2021-09-30,LHX,0.073396765
936,2020-06-30,ORLY,0.13967589
937,2020-09-30,ORLY,0.08449326
938,2020-12-31,ORLY,-0.16411754
939,2021-03-31,ORLY,0.10024899
940,2021-06-30,ORLY,0.12316441
941,2021-09-30,ORLY,0.118643165
942,2020-06-30,CTSH,0.03195927
943,2020-09-30,CTSH,0.043034907
944,2020-12-31,CTSH,0.07074794
945,2021-03-31,CTSH,0.056302726
946,2021-06-30,CTSH,0.03745058
947,2021-09-30,CTSH,0.065146364
948,2020-06-30,MSI,0.07636337
949,2020-09-30,MSI,0.088219225
950,2020-12-31,MSI,0.08574265
951,2021-03-31,MSI,0.10507483
952,2021-06-30,MSI,0.12121696
953,2021-09-30,MSI,0.15132141
954,2020-06-30,SIVB,-0.050660703
955,2020-09-30,SIVB,-0.09784244
956,2020-12-31,SIVB,-0.27473813
957,2021-03-31,SIVB,-0.36754408
958,2021-06-30,SIVB,-0.40639403
959,2021-09-30,SIVB,-0.41360435
960,2020-06-30,CNC,-0.004451348
961,2020-09-30,CNC,-0.0047037145
962,2020-12-31,CNC,-0.005054198
963,2021-03-31,CNC,-0.004710886
964,2021-06-30,CNC,-0.00499044
965,2021-09-30,CNC,-0.004801088
966,2020-06-30,PH,0.07138377
967,2020-09-30,PH,0.0045864857
968,2020-12-31,PH,0.030253092
969,2021-03-31,PH,0.0738097
970,2021-06-30,PH,0.098557584
971,2021-09-30,PH,0.065348625
972,2020-06-30,MAR,-0.039534852
973,2020-09-30,MAR,-0.03108836
974,2020-12-31,MAR,-0.0026771934
975,2021-03-31,MAR,-0.013586301
976,2021-06-30,MAR,0.014367798
977,2021-09-30,MAR,0.019406915
978,2020-06-30,SLB,-0.18375519
979,2020-09-30,SLB,-0.01613566
980,2020-12-31,SLB,-0.05438443
981,2021-03-31,SLB,-0.027559038
982,2021-06-30,SLB,-0.014755575
983,2021-09-30,SLB,-0.0042899116
984,2020-06-30,AEP,0.042354953
985,2020-09-30,AEP,0.02723019
986,2020-12-31,AEP,0.03822001
987,2021-03-31,AEP,0.046662457
988,2021-06-30,AEP,0.042327255
989,2021-09-30,AEP,0.03305614
990,2020-06-30,PRU,-0.022582255
991,2020-09-30,PRU,-0.08192756
992,2020-12-31,PRU,-0.20070973
993,2021-03-31,PRU,-0.10909421
994,2021-06-30,PRU,-0.13126859
995,2021-09-30,PRU,-0.11087639
996,2020-06-30,ROK,0.09712728
997,2020-09-30,ROK,0.1703709
998,2020-12-31,ROK,0.14460555
999,2021-03-31,ROK,0.14645512
1000,2021-06-30,ROK,0.124643914
1001,2021-09-30,ROK,-0.0036695846
1002,2020-05-02,ROST,0.0075168577
1003,2020-08-01,ROST,0.04918425
1004,2020-10-31,ROST,0.08363892
1005,2021-01-30,ROST,0.10004682
1006,2021-05-01,ROST,0.096621774
1007,2021-07-31,ROST,0.10743586
1008,2020-06-30,HLT,-0.020685174
1009,2020-09-30,HLT,0.05640013
1010,2020-12-31,HLT,-0.0075054774
1011,2021-03-31,HLT,0.069605425
1012,2021-06-30,HLT,0.11021902
1013,2021-09-30,HLT,0.11629635
1014,2020-05-09,AZO,0.21866912
1015,2020-08-29,AZO,0.34719607
1016,2020-11-21,AZO,0.2887657
1017,2021-02-13,AZO,0.19863059
1018,2021-05-08,AZO,0.37369794
1019,2021-08-28,AZO,0.39762637
1020,2020-06-30,PXD,0.009533744
1021,2020-09-30,PXD,0.032185957
1022,2020-12-31,PXD,0.017858354
1023,2021-03-31,PXD,0.030028092
1024,2021-06-30,PXD,-0.07958762
1025,2021-09-30,PXD,-0.037159972
1026,2020-05-31,PAYX,0.030896211
1027,2020-08-31,PAYX,0.057526235
1028,2020-11-30,PAYX,0.0672571
1029,2021-02-28,PAYX,0.06782332
1030,2021-05-31,PAYX,0.07564898
1031,2021-08-31,PAYX,0.087646246
1032,2020-06-30,BAX,-0.003939263
1033,2020-09-30,BAX,-0.0039120107
1034,2020-12-31,BAX,-0.004025814
1035,2021-03-31,BAX,-0.0039930646
1036,2021-06-30,BAX,-0.0039421297
1037,2021-09-30,BAX,-0.0039040393
1038,2020-05-31,STZ,-0.08086114
1039,2020-08-31,STZ,-0.06888861
1040,2020-11-30,STZ,0.060818408
1041,2021-02-28,STZ,0.09475857
1042,2021-05-31,STZ,-0.10270424
1043,2021-08-31,STZ,-0.1065839
1044,2020-05-31,CTAS,0.1451059
1045,2020-08-31,CTAS,0.1286949
1046,2020-11-30,CTAS,0.16827418
1047,2021-02-28,CTAS,0.16454315
1048,2021-05-31,CTAS,0.10175121
1049,2021-08-31,CTAS,0.020418106
1050,2020-06-30,MTCH,0.030236712
1051,2020-09-30,MTCH,0.07720836
1052,2020-12-31,MTCH,0.064143196
1053,2021-03-31,MTCH,0.12109334
1054,2021-06-30,MTCH,0.12498348
1055,2021-09-30,MTCH,-0.05550511
1056,2020-06-30,SRE,0.0018966245
1057,2020-09-30,SRE,-0.03713203
1058,2020-12-31,SRE,-0.021807725
1059,2021-03-31,SRE,-0.029359596
1060,2021-06-30,SRE,-0.030189682
1061,2021-09-30,SRE,-0.017880801
1062,2020-06-30,O,-0.004226506
1063,2020-09-30,O,-0.004145059
1064,2020-12-31,O,-0.004263292
1065,2021-03-31,O,-0.060841985
1066,2021-06-30,O,-0.038405154
1067,2021-09-30,O,-0.003965135
1068,2020-06-30,TWTR,-0.22550377
1069,2020-09-30,TWTR,-0.0422508
1070,2020-12-31,TWTR,-0.028882591
1071,2021-03-31,TWTR,-0.1377847
1072,2021-06-30,TWTR,-0.03762104
1073,2021-09-30,TWTR,-0.015570935
1074,2020-06-30,MPC,0.028651433
1075,2020-09-30,MPC,-0.060246237
1076,2020-12-31,MPC,-0.0039973985
1077,2021-03-31,MPC,-0.0042038495
1078,2021-06-30,MPC,0.5510563
1079,2021-09-30,MPC,0.0077022784
1080,2020-06-30,BIIB,0.16710909
1081,2020-09-30,BIIB,0.14315428
1082,2020-12-31,BIIB,0.16243632
1083,2021-03-31,BIIB,0.1006647
1084,2021-06-30,BIIB,0.034304127
1085,2021-09-30,BIIB,0.017540803
1086,2020-06-30,PPG,0.045467902
1087,2020-09-30,PPG,0.080036886
1088,2020-12-31,PPG,0.092744246
1089,2021-03-31,PPG,0.08210064
1090,2021-06-30,PPG,0.055796597
1091,2021-09-30,PPG,0.08934399
1092,2020-06-30,TRV,-0.07227969
1093,2020-09-30,TRV,-0.08516881
1094,2020-12-31,TRV,-0.069507055
1095,2021-03-31,TRV,-0.1031854
1096,2021-06-30,TRV,-0.12798128
1097,2021-09-30,TRV,-0.13724327
1098,2020-06-30,SYY,-0.006087958
1099,2020-09-30,SYY,-0.003946712
1100,2020-12-31,SYY,-0.00394093
1101,2021-03-31,SYY,-0.0039208764
1102,2021-06-30,SYY,-0.006058253
1103,2021-09-30,SYY,-0.003919095
1104,2020-06-30,RMD,0.118955
1105,2020-09-30,RMD,0.12880962
1106,2020-12-31,RMD,0.13025211
1107,2021-03-31,RMD,0.07861832
1108,2021-06-30,RMD,0.124925844
1109,2021-09-30,RMD,0.12567148
1110,2020-06-30,SBAC,0.0952451
1111,2020-09-30,SBAC,0.09707517
1112,2020-12-31,SBAC,0.12081032
1113,2021-03-31,SBAC,0.09492188
1114,2021-06-30,SBAC,0.12110384
1115,2021-09-30,SBAC,0.10215222
1116,2020-07-31,HPQ,-0.10606249
1117,2020-10-31,HPQ,-0.08236324
1118,2021-01-31,HPQ,-0.07481943
1119,2021-04-30,HPQ,-0.054523487
1120,2021-07-31,HPQ,-0.0854052
1121,2020-06-30,EA,0.03974671
1122,2020-09-30,EA,0.06583454
1123,2020-12-31,EA,0.06901432
1124,2021-03-31,EA,0.087674044
1125,2021-06-30,EA,0.101786934
1126,2021-09-30,EA,0.08172067
1127,2020-05-31,GIS,-0.008624916
1128,2020-08-30,GIS,-0.008726841
1129,2020-11-29,GIS,-0.013951212
1130,2021-02-28,GIS,-0.009122329
1131,2021-05-30,GIS,-0.005258758
1132,2021-08-29,GIS,-0.0038856976
1133,2020-06-30,YUM,-0.0036339466
1134,2020-09-30,YUM,-0.0036822134
1135,2020-12-31,YUM,-0.031879652
1136,2021-03-31,YUM,-0.031276073
1137,2021-06-30,YUM,-0.03098453
1138,2021-09-30,YUM,0.12322352
1139,2020-06-30,IFF,0.09109577
1140,2020-09-30,IFF,0.078782596
1141,2020-12-31,IFF,0.0528812
1142,2021-03-31,IFF,0.040643234
1143,2021-06-30,IFF,0.074558586
1144,2021-09-30,IFF,0.07423646
1145,2020-06-30,VRSK,0.014417855
1146,2020-09-30,VRSK,-0.018808482
1147,2020-12-31,VRSK,-0.05295392
1148,2021-03-31,VRSK,0.021765279
1149,2021-06-30,VRSK,0.026315177
1150,2021-09-30,VRSK,-0.054915216
1151,2020-06-30,GPN,-0.03265747
1152,2020-09-30,GPN,-0.021458676
1153,2020-12-31,GPN,-0.052291173
1154,2021-03-31,GPN,0.08881666
1155,2021-06-30,GPN,0.040070407
1156,2021-09-30,GPN,0.048931323
1157,2020-06-30,ADM,-0.018683739
1158,2020-09-30,ADM,0.032180622
1159,2020-12-31,ADM,-0.009421344
1160,2021-03-31,ADM,-0.014132354
1161,2021-06-30,ADM,-0.02131513
1162,2021-09-30,ADM,-0.01218969
1163,2020-06-30,ENPH,-0.023775399
1164,2020-09-30,ENPH,-0.0147516765
1165,2020-12-31,ENPH,-0.040652815
1166,2021-03-31,ENPH,0.0075262613
1167,2021-06-30,ENPH,0.044955134
1168,2021-09-30,ENPH,0.057829432
1169,2020-07-31,KEYS,0.0588427
1170,2020-10-31,KEYS,0.06335474
1171,2021-01-31,KEYS,0.08863522
1172,2021-04-30,KEYS,0.09187432
1173,2021-07-31,KEYS,0.09474784
1174,2020-06-30,MTD,-0.009627777
1175,2020-09-30,MTD,-0.0024336693
1176,2020-12-31,MTD,-0.002131158
1177,2021-03-31,MTD,0.019732082
1178,2021-06-30,MTD,-0.0052865725
1179,2021-09-30,MTD,-0.0172294
1180,2020-06-30,AMP,-0.07248701
1181,2020-09-30,AMP,-0.06458197
1182,2020-12-31,AMP,-0.044495855
1183,2021-03-31,AMP,-0.049925745
1184,2021-06-30,AMP,-0.051334444
1185,2021-09-30,AMP,-0.04980129
1186,2020-06-30,EFX,0.044093795
1187,2020-09-30,EFX,0.0004753815
1188,2020-12-31,EFX,-0.0036695846
1189,2021-03-31,EFX,-0.0036695846
1190,2021-06-30,EFX,-0.013760788
1191,2021-09-30,EFX,0.06399956
1192,2020-06-30,AJG,0.0078405645
1193,2020-09-30,AJG,0.017093671
1194,2020-12-31,AJG,0.0239135
1195,2021-03-31,AJG,0.039533354
1196,2021-06-30,AJG,0.024073562
1197,2021-09-30,AJG,0.029215192
1198,2020-05-31,WBA,-0.07036855
1199,2020-08-31,WBA,0.038313065
1200,2020-11-30,WBA,-0.111591935
1201,2021-02-28,WBA,-0.0037095717
1202,2021-05-31,WBA,-0.0037248821
1203,2021-08-31,WBA,-0.042670496
1204,2020-06-30,ETSY,0.030857394
1205,2020-09-30,ETSY,0.03483816
1206,2020-12-31,ETSY,0.09130496
1207,2021-03-31,ETSY,0.05788769
1208,2021-06-30,ETSY,0.11465218
1209,2021-09-30,ETSY,0.10752905
1210,2020-06-30,ALL,-0.06243896
1211,2020-09-30,ALL,-0.039674427
1212,2020-12-31,ALL,-0.013397049
1213,2021-03-31,ALL,-0.04065618
1214,2021-06-30,ALL,-0.07380354
1215,2021-09-30,ALL,-0.09633464
1216,2020-06-30,MNST,0.03452379
1217,2020-09-30,MNST,0.04408058
1218,2020-12-31,MNST,0.016251888
1219,2021-03-31,MNST,0.060306374
1220,2021-06-30,MNST,0.058585618
1221,2021-09-30,MNST,0.07557965
1222,2020-06-30,WMB,-0.012341708
1223,2020-09-30,WMB,-0.012144843
1224,2020-12-31,WMB,-0.015253259
1225,2021-03-31,WMB,-0.012712721
1226,2021-06-30,WMB,-0.0040935655
1227,2021-09-30,WMB,-0.01212731
1228,2020-06-30,AVB,0.0547648
1229,2020-09-30,AVB,0.052468885
1230,2020-12-31,AVB,0.076685816
1231,2021-03-31,AVB,0.0758148
1232,2021-06-30,AVB,0.122083806
1233,2021-09-30,AVB,0.07637712
1234,2020-06-30,CBRE,-0.004098092
1235,2020-09-30,CBRE,-0.0040753116
1236,2020-12-31,CBRE,-0.0039596087
1237,2021-03-31,CBRE,-0.0039254595
1238,2021-06-30,CBRE,-0.003784747
1239,2021-09-30,CBRE,-0.0037381945
1240,2020-06-30,ODFL,0.07767712
1241,2020-09-30,ODFL,0.07869838
1242,2020-12-31,ODFL,0.097938396
1243,2021-03-31,ODFL,0.09444002
1244,2021-06-30,ODFL,0.09145101
1245,2021-09-30,ODFL,0.07249273
1246,2020-06-30,ALB,0.052149598
1247,2020-09-30,ALB,0.038925234
1248,2020-12-31,ALB,0.011515463
1249,2021-03-31,ALB,0.108543836
1250,2021-06-30,ALB,0.10849998
1251,2021-09-30,ALB,0.06088997
1252,2020-06-30,TDG,0.14678842
1253,2020-09-30,TDG,0.17263684
1254,2020-12-31,TDG,0.2010505
1255,2021-03-31,TDG,0.16516472
1256,2021-06-30,TDG,0.1807094
1257,2021-09-30,TDG,0.18542685
1258,2020-06-30,AME,0.055553637
1259,2020-09-30,AME,0.049198452
1260,2020-12-31,AME,0.07469523
1261,2021-03-31,AME,0.075073324
1262,2021-06-30,AME,-0.008993674
1263,2021-09-30,AME,0.05383023
1264,2020-06-30,CMI,0.034774624
1265,2020-09-30,CMI,0.08978967
1266,2020-12-31,CMI,0.054674692
1267,2021-03-31,CMI,0.105255656
1268,2021-06-30,CMI,0.10643502
1269,2021-09-30,CMI,0.1064668
1270,2020-06-30,DHI,-0.008397732
1271,2020-09-30,DHI,-0.0041156407
1272,2020-12-31,DHI,-0.004109582
1273,2021-03-31,DHI,-0.0040438864
1274,2021-06-30,DHI,-0.004000783
1275,2021-09-30,DHI,-0.001486596
1276,2020-06-30,WST,0.12241999
1277,2020-09-30,WST,0.12291693
1278,2020-12-31,WST,0.12515627
1279,2021-03-31,WST,0.1261037
1280,2021-06-30,WST,0.11367598
1281,2021-09-30,WST,0.09014324
1282,2020-06-30,ZBRA,-0.0076239384
1283,2020-09-30,ZBRA,-0.06614954
1284,2020-12-31,ZBRA,-0.01788989
1285,2021-03-31,ZBRA,0.07631753
1286,2021-06-30,ZBRA,0.11957564
1287,2021-09-30,ZBRA,0.15167625
1288,2020-06-30,PEG,-0.0037778195
1289,2020-09-30,PEG,-0.004037952
1290,2020-12-31,PEG,-0.0121335685
1291,2021-03-31,PEG,-0.0038209658
1292,2021-06-30,PEG,-0.004075339
1293,2021-09-30,PEG,0.0007053567
1294,2020-06-30,AWK,-0.011115624
1295,2020-09-30,AWK,-0.016131617
1296,2020-12-31,AWK,-0.013831131
1297,2021-03-31,AWK,-0.018718839
1298,2021-06-30,AWK,0.03747971
1299,2021-09-30,AWK,0.025521865
1300,2020-06-30,PSX,-0.050961427
1301,2020-09-30,PSX,-0.17150299
1302,2020-12-31,PSX,-0.13229382
1303,2021-03-31,PSX,-0.1917297
1304,2021-06-30,PSX,-0.11806433
1305,2021-09-30,PSX,-0.17414282
1306,2020-06-30,KMI,0.14724475
1307,2020-09-30,KMI,0.017284144
1308,2020-12-31,KMI,0.076570615
1309,2021-03-31,KMI,0.049734715
1310,2021-06-30,KMI,0.08243754
1311,2021-09-30,KMI,0.06597728
1312,2020-06-30,BLL,0.04955243
1313,2020-09-30,BLL,0.085170895
1314,2020-12-31,BLL,0.09003478
1315,2021-03-31,BLL,0.021709628
1316,2021-06-30,BLL,0.029300189
1317,2021-09-30,BLL,0.03355204
1318,2020-05-02,BBY,0.07045399
1319,2020-08-01,BBY,0.10830964
1320,2020-10-31,BBY,0.060268108
1321,2021-01-30,BBY,0.10561354
1322,2021-05-01,BBY,0.1197786
1323,2021-07-31,BBY,0.11361407
1324,2020-06-30,PCAR,-0.004031487
1325,2020-09-30,PCAR,-0.00392196
1326,2020-12-31,PCAR,-0.003968347
1327,2021-03-31,PCAR,-0.0038181734
1328,2021-06-30,PCAR,-0.0038674502
1329,2021-09-30,PCAR,-0.0039234743
1330,2020-05-02,DLTR,0.015840972
1331,2020-08-01,DLTR,0.059135932
1332,2020-10-31,DLTR,0.07592363
1333,2021-01-30,DLTR,0.08940233
1334,2021-05-01,DLTR,0.091533996
1335,2021-07-31,DLTR,0.08690979
1336,2020-07-31,CPRT,0.049707774
1337,2020-10-31,CPRT,0.063589126
1338,2021-01-31,CPRT,0.06616415
1339,2021-04-30,CPRT,0.057200987
1340,2021-07-31,CPRT,0.08045095
1341,2021-10-31,CPRT,0.08733804
1342,2020-06-30,FITB,-0.1799328
1343,2020-09-30,FITB,0.0022805068
1344,2020-12-31,FITB,-0.0038367943
1345,2021-03-31,FITB,0.03727241
1346,2021-06-30,FITB,0.016853154
1347,2021-09-30,FITB,-0.0034961957
1348,2020-06-30,SWK,-0.0036695846
1349,2020-09-30,SWK,0.057762723
1350,2020-12-31,SWK,0.06451972
1351,2021-03-31,SWK,0.0702377
1352,2021-06-30,SWK,0.07736555
1353,2021-09-30,SWK,0.061930608
1354,2020-05-31,LEN,-0.05056477
1355,2020-08-31,LEN,-0.04027483
1356,2020-11-30,LEN,-0.060242336
1357,2021-02-28,LEN,0.03459478
1358,2021-05-31,LEN,0.050826497
1359,2021-08-31,LEN,-0.054566696
1360,2020-06-30,WLTW,0.06284969
1361,2020-09-30,WLTW,0.068863384
1362,2020-12-31,WLTW,0.09831247
1363,2021-03-31,WLTW,0.1155071
1364,2021-06-30,WLTW,0.063000776
1365,2021-09-30,WLTW,0.109920435
1366,2020-06-30,GLW,-0.004483143
1367,2020-09-30,GLW,-0.0041751387
1368,2020-12-31,GLW,-0.004291716
1369,2021-03-31,GLW,-0.0041699423
1370,2021-06-30,GLW,-0.0041517075
1371,2021-09-30,GLW,-0.0042325133
1372,2020-05-23,KR,0.15812546
1373,2020-08-15,KR,-0.0041320543
1374,2020-11-07,KR,0.03102641
1375,2021-01-30,KR,-0.009358477
1376,2021-05-22,KR,-0.048680756
1377,2021-08-14,KR,-0.050766416
1378,2020-06-30,WY,-0.0044441693
1379,2020-09-30,WY,-0.004304675
1380,2020-12-31,WY,-0.004251522
1381,2021-03-31,WY,-0.0041948054
1382,2021-06-30,WY,-0.0041750274
1383,2021-09-30,WY,-0.0041806307
1384,2020-06-30,ES,-0.010968735
1385,2020-09-30,ES,-0.010550208
1386,2020-12-31,ES,-0.004069944
1387,2021-03-31,ES,-0.003876137
1388,2021-06-30,ES,-0.009384493
1389,2021-09-30,ES,-0.012701476
1390,2020-06-30,EQR,-0.07544734
1391,2020-09-30,EQR,-0.06276336
1392,2020-12-31,EQR,-0.08404384
1393,2021-03-31,EQR,0.02547544
1394,2021-06-30,EQR,-0.02849493
1395,2021-09-30,EQR,-0.025157282
1396,2020-06-30,VLO,-0.0037434294
1397,2020-09-30,VLO,-0.14039136
1398,2020-12-31,VLO,-0.12583345
1399,2021-03-31,VLO,-0.1917266
1400,2021-06-30,VLO,-0.070851155
1401,2021-09-30,VLO,-0.033187084
1402,2020-06-30,WEC,-0.0036903454
1403,2020-09-30,WEC,-0.0037497266
1404,2020-12-31,WEC,-0.0036695846
1405,2021-03-31,WEC,-0.0036939138
1406,2021-06-30,WEC,-0.0037671442
1407,2021-09-30,WEC,-0.0037658445
1408,2020-06-30,RSG,0.06393956
1409,2020-09-30,RSG,0.048170928
1410,2020-12-31,RSG,-0.0036036596
1411,2021-03-31,RSG,0.05422755
1412,2021-06-30,RSG,0.054311614
1413,2021-09-30,RSG,0.07065613
1414,2020-06-30,ANET,0.02122694
1415,2020-09-30,ANET,0.015434112
1416,2020-12-31,ANET,0.0407453
1417,2021-03-31,ANET,0.040776383
1418,2021-06-30,ANET,0.062784575
1419,2021-09-30,ANET,0.061548043
1420,2020-06-30,LUV,-0.22521906
1421,2020-09-30,LUV,-0.004736349
1422,2020-12-31,LUV,-0.075097546
1423,2021-03-31,LUV,-0.006870318
1424,2021-06-30,LUV,-0.0041068043
1425,2021-09-30,LUV,-0.03720756
1426,2020-06-30,FTV,-0.0041054846
1427,2020-09-30,FTV,-0.0040527047
1428,2020-12-31,FTV,0.002455003
1429,2021-03-31,FTV,-0.003979025
1430,2021-06-30,FTV,-0.0039572837
1431,2021-09-30,FTV,-0.003924071
1432,2020-06-30,ARE,0.066665664
1433,2020-09-30,ARE,0.035360977
1434,2020-12-31,ARE,0.10807468
1435,2021-03-31,ARE,0.011868529
1436,2021-06-30,ARE,0.115528904
1437,2021-09-30,ARE,0.066971615
1438,2020-06-30,GNRC,0.07411018
1439,2020-09-30,GNRC,0.12749274
1440,2020-12-31,GNRC,0.11844149
1441,2021-03-31,GNRC,0.10000607
1442,2021-06-30,GNRC,0.090431035
1443,2021-09-30,GNRC,0.0850552
1444,2020-06-30,OKE,-0.004418512
1445,2020-09-30,OKE,-0.004373775
1446,2020-12-31,OKE,-0.004267947
1447,2021-03-31,OKE,-0.0041029835
1448,2021-06-30,OKE,-0.0040920638
1449,2021-09-30,OKE,-0.004114538
1450,2020-06-30,SYF,0.22780155
1451,2020-09-30,SYF,0.10940646
1452,2020-12-31,SYF,0.16774715
1453,2021-03-31,SYF,0.30475667
1454,2021-06-30,SYF,0.26440033
1455,2021-09-30,SYF,0.26105264
1456,2020-06-30,LH,0.01936434
1457,2020-09-30,LH,0.07521331
1458,2020-12-31,LH,0.09622925
1459,2021-03-31,LH,0.087485634
1460,2021-06-30,LH,0.075173825
1461,2021-09-30,LH,0.08971032
1462,2020-06-30,ZBH,0.076436035
1463,2020-09-30,ZBH,0.08765798
1464,2020-12-31,ZBH,0.10232945
1465,2021-03-31,ZBH,0.103789434
1466,2021-06-30,ZBH,0.068680204
1467,2021-09-30,ZBH,0.05276805
1468,2020-06-30,ED,-0.0035658455
1469,2020-09-30,ED,0.017015154
1470,2020-12-31,ED,0.023142558
1471,2021-03-31,ED,0.033661358
1472,2021-06-30,ED,0.010369113
1473,2021-09-30,ED,0.008637508
1474,2020-06-30,CDW,0.08637494
1475,2020-09-30,CDW,0.085579395
1476,2020-12-31,CDW,0.09931198
1477,2021-03-31,CDW,0.11333936
1478,2021-06-30,CDW,0.12255237
1479,2021-09-30,CDW,0.110537104
1480,2020-06-30,HSY,0.00059752027
1481,2020-09-30,HSY,0.039007023
1482,2020-12-31,HSY,0.055688288
1483,2021-03-31,HSY,0.06566062
1484,2021-06-30,HSY,0.08467716
1485,2021-09-30,HSY,0.08125228
1486,2020-06-30,VMC,0.034606542
1487,2020-09-30,VMC,0.05237832
1488,2020-12-31,VMC,0.05097431
1489,2021-03-31,VMC,0.10996241
1490,2021-06-30,VMC,0.10604543
1491,2021-09-30,VMC,0.06998716
1492,2020-06-30,TSCO,0.0502227
1493,2020-09-30,TSCO,0.05453504
1494,2020-12-31,TSCO,0.089532316
1495,2021-03-31,TSCO,0.10704698
1496,2021-06-30,TSCO,0.1269084
1497,2021-09-30,TSCO,0.12112769
1498,2020-06-30,MLM,0.049860418
1499,2020-09-30,MLM,0.06410157
1500,2020-12-31,MLM,0.117117725
1501,2021-03-31,MLM,0.15228581
1502,2021-06-30,MLM,0.09993362
1503,2021-09-30,MLM,0.14351487
1504,2020-06-30,DVN,-0.026143331
1505,2020-09-30,DVN,-0.073440254
1506,2020-12-31,DVN,-0.070418544
1507,2021-03-31,DVN,-0.086037524
1508,2021-06-30,DVN,-0.08069121
1509,2021-09-30,DVN,-0.09665661
1510,2020-06-30,SWKS,0.036069598
1511,2020-09-30,SWKS,0.062983714
1512,2020-12-31,SWKS,0.061819244
1513,2021-03-31,SWKS,0.07353823
1514,2021-06-30,SWKS,0.09700646
1515,2020-06-30,NTRS,0.05268499
1516,2020-09-30,NTRS,-0.032883093
1517,2020-12-31,NTRS,-0.008620593
1518,2021-03-31,NTRS,0.01357018
1519,2021-06-30,NTRS,-0.007984616
1520,2021-09-30,NTRS,-0.023518812
1521,2020-06-30,DAL,-0.2905412
1522,2020-09-30,DAL,-0.30836046
1523,2020-12-31,DAL,-0.12980422
1524,2021-03-31,DAL,-0.17750968
1525,2021-06-30,DAL,0.019781455
1526,2021-09-30,DAL,0.02549423
1527,2020-06-30,DOV,0.05291891
1528,2020-09-30,DOV,0.069179654
1529,2020-12-31,DOV,0.079804026
1530,2021-03-31,DOV,0.07430357
1531,2021-06-30,DOV,0.093541235
1532,2021-09-30,DOV,0.10292449
1533,2020-06-30,KHC,0.06717115
1534,2020-09-30,KHC,0.027301017
1535,2020-12-31,KHC,0.011163587
1536,2021-03-31,KHC,0.021459099
1537,2021-06-30,KHC,0.022566868
1538,2021-09-30,KHC,0.02067658
1539,2020-06-30,EXPE,-0.02382715
1540,2020-09-30,EXPE,0.04287362
1541,2020-12-31,EXPE,0.022586258
1542,2021-03-31,EXPE,-0.003689271
1543,2021-06-30,EXPE,0.059261527
1544,2021-09-30,EXPE,0.103398085
1545,2020-06-30,VFC,-0.014044555
1546,2020-09-30,VFC,0.020841287
1547,2020-12-31,VFC,0.043964237
1548,2021-03-31,VFC,-0.004253461
1549,2021-06-30,VFC,-0.010373786
1550,2021-09-30,VFC,-0.014149919
1551,2020-06-30,EIX,-0.004024964
1552,2020-09-30,EIX,-0.0041479035
1553,2020-12-31,EIX,-0.0039610486
1554,2021-03-31,EIX,0.0013848492
1555,2021-06-30,EIX,-0.0040117237
1556,2021-09-30,EIX,-0.0024704146
1557,2020-06-30,HIG,-0.00439126
1558,2020-09-30,HIG,-0.00452972
1559,2020-12-31,HIG,-0.004445631
1560,2021-03-31,HIG,-0.0043181567
1561,2021-06-30,HIG,-0.0041339314
1562,2021-09-30,HIG,-0.0043522804
1563,2020-06-30,TSN,0.022456564
1564,2020-09-30,TSN,0.045156784
1565,2020-12-31,TSN,0.046000067
1566,2021-03-31,TSN,0.040915642
1567,2021-06-30,TSN,0.007131982
1568,2021-09-30,TSN,0.026747087
1569,2020-06-30,NDAQ,0.07559669
1570,2020-09-30,NDAQ,0.07974465
1571,2020-12-31,NDAQ,0.079932325
1572,2021-03-31,NDAQ,0.07584075
1573,2021-06-30,NDAQ,0.09978053
1574,2021-09-30,NDAQ,0.10822205
1575,2020-06-30,LYB,-0.004321403
1576,2020-09-30,LYB,-0.004318563
1577,2020-12-31,LYB,-0.004402089
1578,2021-03-31,LYB,-0.0036695846
1579,2021-06-30,LYB,0.0165159
1580,2021-09-30,LYB,-0.012439396
1581,2020-05-31,KMX,0.013771895
1582,2020-08-31,KMX,-0.0029808148
1583,2020-11-30,KMX,-0.007982137
1584,2021-02-28,KMX,0.00460151
1585,2021-05-31,KMX,-0.011085529
1586,2021-08-31,KMX,-0.003920549
1587,2020-06-30,HBAN,-0.054534234
1588,2020-09-30,HBAN,-0.030748501
1589,2020-12-31,HBAN,-0.033949506
1590,2021-03-31,HBAN,-0.015488263
1591,2021-06-30,HBAN,-0.1079093
1592,2021-09-30,HBAN,-0.05787892
1593,2020-06-30,MPWR,0.13032524
1594,2020-09-30,MPWR,0.13866487
1595,2020-12-31,MPWR,0.18259344
1596,2021-03-31,MPWR,0.18434544
1597,2021-06-30,MPWR,0.19141212
1598,2021-09-30,MPWR,0.22227047
1599,2020-06-30,VRSN,0.17933263
1600,2020-09-30,VRSN,0.15358199
1601,2020-12-31,VRSN,0.17267646
1602,2021-03-31,VRSN,0.17035487
1603,2021-06-30,VRSN,0.17540796
1604,2021-09-30,VRSN,0.17934003
1605,2020-06-30,MAA,0.06186245
1606,2020-09-30,MAA,0.065061696
1607,2020-12-31,MAA,0.07111987
1608,2021-03-31,MAA,0.07540974
1609,2021-06-30,MAA,0.10318962
1610,2021-09-30,MAA,0.11434826
1611,2020-06-30,TER,0.022294827
1612,2020-09-30,TER,0.01180237
1613,2020-12-31,TER,0.05067749
1614,2021-03-31,TER,0.04245645
1615,2021-06-30,TER,0.032711662
1616,2021-09-30,TER,0.03871247
1617,2020-06-30,CHD,0.035446856
1618,2020-09-30,CHD,0.06272291
1619,2020-12-31,CHD,-0.003964294
1620,2021-03-31,CHD,-0.0003039739
1621,2021-06-30,CHD,-0.009918302
1622,2021-09-30,CHD,-0.010388335
1623,2020-06-30,KEY,-0.20908144
1624,2020-09-30,KEY,-0.027722143
1625,2020-12-31,KEY,-0.011444056
1626,2021-03-31,KEY,-0.044462465
1627,2021-06-30,KEY,-0.0072447816
1628,2021-09-30,KEY,-0.01925012
1629,2020-06-30,ESS,0.113052584
1630,2020-09-30,ESS,0.10496656
1631,2020-12-31,ESS,0.12145177
1632,2021-03-31,ESS,0.13588744
1633,2021-06-30,ESS,0.12389279
1634,2021-09-30,ESS,0.1336599
1635,2020-06-30,XYL,0.050238665
1636,2020-09-30,XYL,0.07519159
1637,2020-12-31,XYL,0.08023608
1638,2021-03-31,XYL,0.079760835
1639,2021-06-30,XYL,0.09536007
1640,2021-09-30,XYL,0.13156518
1641,2020-06-30,POOL,0.083724655
1642,2020-09-30,POOL,0.09951912
1643,2020-12-31,POOL,0.11966615
1644,2021-03-31,POOL,0.12158715
1645,2021-06-30,POOL,0.024875557
1646,2021-09-30,POOL,0.07829148
1647,2020-06-30,HES,-0.004375789
1648,2020-09-30,HES,-0.0044074603
1649,2020-12-31,HES,0.026717046
1650,2021-03-31,HES,0.0497933
1651,2021-06-30,HES,0.03278018
1652,2021-09-30,HES,0.009891551
1653,2020-05-02,ULTA,0.081961714
1654,2020-08-01,ULTA,0.06694582
1655,2020-10-31,ULTA,0.06284841
1656,2021-01-30,ULTA,0.060338434
1657,2021-05-01,ULTA,0.05107607
1658,2021-07-31,ULTA,0.0528895
1659,2020-06-30,DRE,-0.0043768445
1660,2020-09-30,DRE,-0.00436102
1661,2020-12-31,DRE,-0.004079139
1662,2021-03-31,DRE,-0.004340365
1663,2021-06-30,DRE,0.014894888
1664,2021-09-30,DRE,0.035970304
1665,2020-06-30,AEE,-0.0040402855
1666,2020-09-30,AEE,-0.003928639
1667,2020-12-31,AEE,-0.0046115047
1668,2021-03-31,AEE,-0.0039707534
1669,2021-06-30,AEE,-0.0028591622
1670,2021-09-30,AEE,-0.003913106
1671,2020-06-30,PPL,-0.004125904
1672,2020-09-30,PPL,-0.0040536686
1673,2020-12-31,PPL,-0.004379894
1674,2021-03-31,PPL,-0.0049205865
1675,2021-06-30,PPL,-0.056733042
1676,2021-09-30,PPL,-0.0043713
1677,2020-06-30,EXPD,0.025592905
1678,2020-09-30,EXPD,0.043910418
1679,2020-12-31,EXPD,0.050928175
1680,2021-03-31,EXPD,0.046779316
1681,2021-06-30,EXPD,0.06678565
1682,2021-09-30,EXPD,0.072607875
1683,2020-06-30,CERN,0.03799503
1684,2020-09-30,CERN,0.044199467
1685,2020-12-31,CERN,0.052668482
1686,2021-03-31,CERN,0.027945807
1687,2021-06-30,CERN,0.029317325
1688,2021-09-30,CERN,0.04014374
1689,2020-06-30,CTLT,0.05816877
1690,2020-09-30,CTLT,0.058307033
1691,2020-12-31,CTLT,0.08747349
1692,2021-03-31,CTLT,0.09284625
1693,2021-06-30,CTLT,0.096153736
1694,2021-09-30,CTLT,0.11342696
1695,2020-06-30,GWW,0.10622234
1696,2020-09-30,GWW,0.101158015
1697,2020-12-31,GWW,0.0882088
1698,2021-03-31,GWW,0.09476771
1699,2021-06-30,GWW,0.081453525
1700,2021-09-30,GWW,0.091452405
1701,2020-06-30,DTE,-0.0038692516
1702,2020-09-30,DTE,-0.0038047659
1703,2020-12-31,DTE,0.020062761
1704,2021-03-31,DTE,0.00790908
1705,2021-06-30,DTE,0.024185551
1706,2021-09-30,DTE,-0.0038402344
1707,2020-06-30,CFG,-0.024848025
1708,2020-09-30,CFG,-0.0074929222
1709,2020-12-31,CFG,-0.026905375
1710,2021-03-31,CFG,0.010256665
1711,2021-06-30,CFG,0.005264372
1712,2021-09-30,CFG,-0.0009511779
1713,2020-06-30,TRMB,0.026091654
1714,2020-09-30,TRMB,0.037832048
1715,2020-12-31,TRMB,0.037316475
1716,2021-03-31,TRMB,0.054150797
1717,2021-06-30,TRMB,0.06670811
1718,2021-09-30,TRMB,0.07853513
1719,2020-06-30,PAYC,0.17461643
1720,2020-09-30,PAYC,0.16136317
1721,2020-12-31,PAYC,0.18678544
1722,2021-03-31,PAYC,0.19312374
1723,2021-06-30,PAYC,0.18717465
1724,2021-09-30,PAYC,0.18525885
1725,2020-06-30,GRMN,0.07069166
1726,2020-09-30,GRMN,0.07568099
1727,2020-12-31,GRMN,0.092623025
1728,2021-03-31,GRMN,0.08069853
1729,2021-06-30,GRMN,0.10579382
1730,2021-09-30,GRMN,0.10612175
1731,2020-06-30,ETR,-0.0038158118
1732,2020-09-30,ETR,-0.0038256426
1733,2021-03-31,ETR,-0.003909596
1734,2021-06-30,ETR,-0.003893603
1735,2021-09-30,ETR,-0.0037941467
1736,2020-05-31,MKC,0.0050046216
1737,2020-08-31,MKC,0.0074430895
1738,2020-11-30,MKC,-0.003835454
1739,2021-02-28,MKC,-0.0039010823
1740,2021-05-31,MKC,-0.003828754
1741,2021-08-31,MKC,-0.0038054846
1742,2020-06-30,FE,-0.004236359
1743,2020-09-30,FE,-0.0042546573
1744,2020-12-31,FE,-0.0040969034
1745,2021-03-31,FE,-0.004032935
1746,2021-06-30,FE,-0.0042186114
1747,2021-09-30,FE,-0.0040654247
1748,2020-06-30,TYL,0.11570672
1749,2020-09-30,TYL,0.128656
1750,2020-12-31,TYL,0.11457535
1751,2021-03-31,TYL,0.11779571
1752,2021-06-30,TYL,0.039888915
1753,2021-09-30,TYL,0.095638715
1754,2020-06-30,WAT,0.04290502
1755,2020-09-30,WAT,0.04575651
1756,2020-12-31,WAT,0.031720567
1757,2021-03-31,WAT,0.07424105
1758,2021-06-30,WAT,0.10300107
1759,2021-09-30,WAT,0.13306285
1760,2020-06-30,MTB,-0.054595467
1761,2020-09-30,MTB,-0.0059982035
1762,2020-12-31,MTB,-0.051951516
1763,2021-03-31,MTB,-0.005852049
1764,2021-06-30,MTB,-0.08688676
1765,2021-09-30,MTB,-0.0020320062
1766,2020-06-30,CLX,0.105265
1767,2020-09-30,CLX,0.11488319
1768,2020-12-31,CLX,0.076154605
1769,2021-03-31,CLX,0.043247372
1770,2021-06-30,CLX,0.051169995
1771,2021-09-30,CLX,-0.012384189
1772,2020-06-30,HAL,-0.1956591
1773,2020-09-30,HAL,-0.020617073
1774,2020-12-31,HAL,-0.005241075
1775,2021-03-31,HAL,-0.030355273
1776,2021-06-30,HAL,-0.017169388
1777,2021-09-30,HAL,-0.013322189
1778,2020-06-30,TDY,0.07189584
1779,2020-09-30,TDY,0.082884625
1780,2020-12-31,TDY,0.08797747
1781,2021-03-31,TDY,0.12623514
1782,2021-06-30,TDY,0.03208108
1783,2021-09-30,TDY,0.14289266
1784,2020-06-30,STX,0.0064140963
1785,2020-09-30,STX,-0.0018015156
1786,2020-12-31,STX,0.017445171
1787,2021-03-31,STX,0.0009756237
1788,2021-06-30,STX,0.031363863
1789,2021-09-30,STX,0.009217676
1790,2020-07-05,PKI,0.06618554
1791,2020-09-30,PKI,0.06965116
1792,2020-12-31,PKI,0.059497427
1793,2021-03-31,PKI,0.053740636
1794,2021-06-30,PKI,0.084792905
1795,2021-09-30,PKI,0.12525761
1796,2020-06-30,BR,0.058905873
1797,2020-09-30,BR,0.12118109
1798,2020-12-31,BR,0.12969781
1799,2021-03-31,BR,0.12471516
1800,2021-06-30,BR,0.1146873
1801,2021-09-30,BR,0.14370371
1802,2020-05-02,BBWI,-0.021664677
1803,2020-08-01,BBWI,-0.062139016
1804,2020-10-31,BBWI,-0.03382433
1805,2021-01-30,BBWI,-0.09722709
1806,2021-05-01,BBWI,-0.015768828
1807,2021-07-31,BBWI,-0.01572295
1808,2020-06-30,VIAC,-0.01997727
1809,2020-09-30,VIAC,-0.004236163
1810,2020-12-31,VIAC,-0.0041091414
1811,2021-03-31,VIAC,-0.025441702
1812,2021-06-30,VIAC,-0.027704049
1813,2021-09-30,VIAC,-0.004154157
1814,2020-06-30,GPC,-0.05575241
1815,2020-09-30,GPC,0.045146417
1816,2020-12-31,GPC,0.048469577
1817,2021-03-31,GPC,0.059144948
1818,2021-06-30,GPC,0.07792729
1819,2021-09-30,GPC,0.08201248
1820,2020-06-30,CZR,-0.0059123873
1821,2020-09-30,CZR,-0.14266132
1822,2020-12-31,CZR,-0.0040123523
1823,2021-03-31,CZR,-0.03017891
1824,2021-06-30,CZR,-0.0043057175
1825,2021-09-30,CZR,-0.003987436
1826,2020-07-31,COO,0.008607021
1827,2020-10-31,COO,0.07107337
1828,2021-01-31,COO,-0.035123624
1829,2021-04-30,COO,0.0592342
1830,2021-07-31,COO,0.046169557
1831,2020-06-14,DPZ,0.061757285
1832,2020-09-06,DPZ,0.07663799
1833,2020-12-31,DPZ,0.15035555
1834,2021-03-31,DPZ,0.1828241
1835,2021-06-20,DPZ,0.13191262
1836,2021-09-12,DPZ,0.11486428
1837,2020-07-31,NTAP,0.023855265
1838,2020-10-30,NTAP,0.0291866
1839,2021-01-29,NTAP,0.042100325
1840,2021-04-30,NTAP,0.052010715
1841,2021-07-30,NTAP,0.05170072
1842,2020-07-31,HPE,0.008095292
1843,2020-10-31,HPE,-0.0043489104
1844,2021-01-31,HPE,-0.0042955144
1845,2021-04-30,HPE,-0.007738331
1846,2021-07-31,HPE,-0.0042097745
1847,2020-05-31,DRI,-0.017401285
1848,2020-08-30,DRI,0.045290034
1849,2020-11-29,DRI,0.061386902
1850,2021-02-28,DRI,0.07602538
1851,2021-05-30,DRI,0.0688529
1852,2021-08-29,DRI,0.078379065
1853,2020-06-30,VTR,-0.004433366
1854,2020-09-30,VTR,-0.004297736
1855,2020-12-31,VTR,-0.0041661477
1856,2021-03-31,VTR,-0.0038801904
1857,2021-06-30,VTR,-0.003945089
1858,2021-09-30,VTR,-0.0051427744
1859,2020-06-30,TTWO,0.08431599
1860,2020-09-30,TTWO,0.103116974
1861,2020-12-31,TTWO,0.117036454
1862,2021-03-31,TTWO,0.09862826
1863,2021-06-30,TTWO,0.111287124
1864,2021-09-30,TTWO,0.104168706
1865,2020-06-30,HOLX,-0.004149033
1866,2020-09-30,HOLX,0.014424959
1867,2020-12-31,HOLX,0.037811935
1868,2021-03-31,HOLX,0.04472022
1869,2021-06-30,HOLX,-0.004140354
1870,2021-09-30,HOLX,0.032965712
1871,2020-06-30,IP,-0.0042578946
1872,2020-09-30,IP,-0.0042094355
1873,2020-12-31,IP,-0.004197477
1874,2021-03-31,IP,-0.0040746047
1875,2021-06-30,IP,-0.003983245
1876,2021-09-30,IP,-0.08619673
1877,2020-06-30,J,0.06739751
1878,2020-09-30,J,0.08267633
1879,2020-12-31,J,0.07592454
1880,2021-03-31,J,0.0904972
1881,2021-06-30,J,0.103191495
1882,2021-09-30,J,-0.20619553
1883,2020-06-30,FANG,-0.017309137
1884,2020-09-30,FANG,-0.046343192
1885,2020-12-31,FANG,0.0013808892
1886,2021-03-31,FANG,-0.021805575
1887,2021-06-30,FANG,0.05312465
1888,2021-09-30,FANG,0.018746061
1889,2020-06-30,FLT,-0.03579508
1890,2020-09-30,FLT,-0.0347334
1891,2020-12-31,FLT,-0.024559751
1892,2021-03-31,FLT,-0.011952369
1893,2021-06-30,FLT,-0.0036218753
1894,2021-09-30,FLT,-0.028815717
1895,2020-06-30,RJF,-0.033272263
1896,2020-09-30,RJF,-0.047779955
1897,2020-12-31,RJF,-0.020435773
1898,2021-03-31,RJF,-0.0047145505
1899,2021-06-30,RJF,0.0051346323
1900,2021-09-30,RJF,-0.0026221774
1901,2020-06-30,CE,-0.0038613088
1902,2020-09-30,CE,-0.004460017
1903,2020-12-31,CE,0.04759359
1904,2021-03-31,CE,0.05128816
1905,2021-06-30,CE,0.06962614
1906,2021-09-30,CE,0.09816781
1907,2020-06-30,CRL,0.111794196
1908,2020-09-30,CRL,0.13268968
1909,2020-12-31,CRL,0.14099008
1910,2021-03-31,CRL,0.17745987
1911,2021-06-30,CRL,0.18359236
1912,2021-09-30,CRL,0.22461313
1913,2020-06-30,WDC,-0.0041986876
1914,2020-09-30,WDC,-0.0043662353
1915,2020-12-31,WDC,-0.0041873134
1916,2021-03-31,WDC,-0.004060185
1917,2021-06-30,WDC,-0.0038830226
1918,2021-09-30,WDC,-0.003994997
1919,2020-06-30,DGX,-0.0037483952
1920,2020-09-30,DGX,0.031131087
1921,2020-12-31,DGX,0.058923062
1922,2021-03-31,DGX,0.060407136
1923,2021-06-30,DGX,0.09956633
1924,2021-09-30,DGX,0.0763699
1925,2020-06-30,PEAK,-0.0044496804
1926,2020-09-30,PEAK,-0.0044582444
1927,2020-12-31,PEAK,-0.0044155237
1928,2021-03-31,PEAK,-0.009628588
1929,2021-06-30,PEAK,-0.017474618
1930,2021-09-30,PEAK,-0.0044084624
1931,2020-06-30,TECH,0.14270778
1932,2020-09-30,TECH,0.13892058
1933,2020-12-31,TECH,0.17820463
1934,2021-03-31,TECH,0.21244654
1935,2021-06-30,TECH,0.2112812
1936,2021-09-30,TECH,0.22627828
1937,2020-06-30,ABC,-0.09122615
1938,2020-09-30,ABC,-0.75042427
1939,2020-12-31,ABC,-0.10256333
1940,2021-03-31,ABC,-0.10014272
1941,2021-06-30,ABC,-0.24687468
1942,2021-09-30,ABC,-0.11858812
1943,2020-06-30,PFG,-0.019765768
1944,2020-09-30,PFG,-0.0047240146
1945,2020-12-31,PFG,-0.016227601
1946,2021-03-31,PFG,-0.01617516
1947,2021-06-30,PFG,0.014777489
1948,2021-09-30,PFG,-0.012773296
1949,2020-06-30,AVY,0.05414998
1950,2020-09-30,AVY,0.08508946
1951,2020-12-31,AVY,0.113586865
1952,2021-03-31,AVY,0.11727352
1953,2021-06-30,AVY,0.12102751
1954,2021-09-30,AVY,0.026624342
1955,2020-06-30,AKAM,0.059975687
1956,2020-09-30,AKAM,0.065692075
1957,2020-12-31,AKAM,0.06416059
1958,2021-03-31,AKAM,0.059796955
1959,2021-06-30,AKAM,0.07225024
1960,2021-09-30,AKAM,0.07124533
1961,2020-06-30,WAB,-0.004058666
1962,2020-09-30,WAB,-0.0040364936
1963,2020-12-31,WAB,-0.003995707
1964,2021-03-31,WAB,-0.0040322137
1965,2021-06-30,WAB,0.0007894505
1966,2021-09-30,WAB,0.008423384
1967,2020-06-30,CINF,0.04303167
1968,2020-09-30,CINF,0.0226657
1969,2020-12-31,CINF,0.081206515
1970,2021-03-31,CINF,0.05766391
1971,2021-06-30,CINF,0.07843935
1972,2021-09-30,CINF,0.033207767
1973,2020-06-30,IEX,0.11091069
1974,2020-09-30,IEX,0.1297817
1975,2020-12-31,IEX,0.13136989
1976,2021-03-31,IEX,0.12392568
1977,2021-06-30,IEX,0.11731679
1978,2021-09-30,IEX,0.12925574
1979,2020-06-30,NVR,-0.0006300204
1980,2020-09-30,NVR,1.1785926
1981,2020-12-31,NVR,1.3958311
1982,2021-03-31,NVR,4.3049927
1983,2021-06-30,NVR,6.2653728
1984,2021-09-30,NVR,9.087369
1985,2020-06-30,CMS,-0.0040670023
1986,2020-09-30,CMS,-0.0039565354
1987,2020-12-31,CMS,-0.0040115234
1988,2021-03-31,CMS,-0.003944103
1989,2021-06-30,CMS,-0.00414304
1990,2021-09-30,CMS,-0.0040831245
1991,2020-06-30,RCL,-0.30174077
1992,2020-09-30,RCL,-0.004470016
1993,2020-12-31,RCL,-0.004437059
1994,2021-03-31,RCL,-0.015143959
1995,2021-06-30,RCL,-0.0043680025
1996,2021-09-30,RCL,-0.0078097023
1997,2020-06-30,MGM,-0.20535815
1998,2020-09-30,MGM,-0.03245778
1999,2020-12-31,MGM,-0.004535684
2000,2021-03-31,MGM,-0.00447301
2001,2021-06-30,MGM,-0.004223085
2002,2021-09-30,MGM,-0.06324901
2003,2020-06-30,CTRA,-0.011608247
2004,2020-09-30,CTRA,-0.0043643923
2005,2020-12-31,CTRA,-0.023025407
2006,2021-03-31,CTRA,-0.0133294
2007,2021-06-30,CTRA,-0.026982475
2008,2021-09-30,CTRA,-0.040392622
2009,2020-06-30,TXT,0.0054365653
2010,2020-09-30,TXT,0.009492837
2011,2020-12-31,TXT,0.057470042
2012,2021-03-31,TXT,0.029734535
2013,2021-06-30,TXT,0.046850584
2014,2021-09-30,TXT,0.05039872
2015,2020-06-30,QRVO,0.06597486
2016,2020-09-30,QRVO,0.07254721
2017,2020-12-31,QRVO,0.08483711
2018,2021-03-31,QRVO,0.07789346
2019,2021-06-30,QRVO,0.085394666
2020,2021-09-30,QRVO,0.07908873
2021,2020-06-30,MAS,-0.013037642
2022,2020-09-30,MAS,0.040203393
2023,2020-12-31,MAS,0.014509922
2024,2021-03-31,MAS,0.030410865
2025,2021-06-30,MAS,-0.0042206575
2026,2021-09-30,MAS,0.04132189
2027,2020-06-30,JBHT,0.066290595
2028,2020-09-30,JBHT,0.074386284
2029,2020-12-31,JBHT,0.075790405
2030,2021-03-31,JBHT,0.082662255
2031,2021-06-30,JBHT,0.071262754
2032,2021-09-30,JBHT,0.016757084
2033,2020-06-30,PWR,0.03558278
2034,2020-09-30,PWR,0.04411925
2035,2020-12-31,PWR,0.05466081
2036,2021-03-31,PWR,0.06653104
2037,2021-06-30,PWR,0.07187974
2038,2021-09-30,PWR,0.086404756
2039,2020-06-30,BXP,0.08319716
2040,2020-09-30,BXP,0.06635833
2041,2020-12-31,BXP,0.06563901
2042,2021-03-31,BXP,0.091450065
2043,2021-06-30,BXP,0.09838896
2044,2021-09-30,BXP,0.095933855
2045,2020-06-30,AES,-0.004594797
2046,2020-09-30,AES,-0.025348201
2047,2020-12-31,AES,-0.0043859114
2048,2021-03-31,AES,-0.012742003
2049,2021-06-30,AES,-0.0143724885
2050,2021-09-30,AES,-0.004351775
2051,2020-06-30,LKQ,-0.0043669636
2052,2020-09-30,LKQ,-0.004321704
2053,2020-12-31,LKQ,-0.004276721
2054,2021-03-31,LKQ,-0.004208175
2055,2021-06-30,LKQ,-0.0032630248
2056,2021-09-30,LKQ,0.0026345146
2057,2020-06-30,K,-0.011131734
2058,2020-09-30,K,-0.012902776
2059,2020-12-31,K,0.024248531
2060,2021-03-31,K,-0.015159411
2061,2021-06-30,K,0.04386522
2062,2021-09-30,K,0.04873294
2063,2020-05-31,CCL,-0.27880242
2064,2020-08-31,CCL,-0.09768796
2065,2020-11-30,CCL,-0.105368406
2066,2021-02-28,CCL,-0.20994864
2067,2021-05-31,CCL,-0.07148192
2068,2021-08-31,CCL,-0.13949579
2069,2020-06-30,BIO,-0.028295165
2070,2020-09-30,BIO,0.25128344
2071,2020-12-31,BIO,0.3121404
2072,2021-03-31,BIO,0.35258892
2073,2021-06-30,BIO,0.19796959
2074,2021-09-30,BIO,1.0493462
2075,2020-06-30,UDR,-0.0043386808
2076,2020-09-30,UDR,-0.0043905308
2077,2020-12-31,UDR,-0.0043575275
2078,2021-03-31,UDR,-0.0043149334
2079,2021-06-30,UDR,-0.004310657
2080,2021-09-30,UDR,-0.0043055415
2081,2020-06-30,EMN,-0.0040069837
2082,2020-09-30,EMN,-0.003958329
2083,2020-12-31,EMN,-0.003873546
2084,2021-03-31,EMN,0.021669285
2085,2021-06-30,EMN,0.007441753
2086,2021-09-30,EMN,-0.003699275
2087,2020-06-30,CNP,-0.035862226
2088,2020-09-30,CNP,-0.0043477514
2089,2020-12-31,CNP,-0.0042328686
2090,2021-03-31,CNP,-0.004279877
2091,2021-06-30,CNP,-0.0044471645
2092,2021-09-30,CNP,-0.004423662
2093,2020-07-11,AAP,0.08773921
2094,2020-09-30,AAP,0.106002726
2095,2020-12-31,AAP,0.108736075
2096,2021-04-24,AAP,0.13508856
2097,2021-07-17,AAP,0.14232013
2098,2021-10-09,AAP,0.14569299
2099,2020-06-30,BRO,0.022310387
2100,2020-09-30,BRO,0.0313415
2101,2020-12-31,BRO,0.024943566
2102,2021-03-31,BRO,0.03615276
2103,2021-06-30,BRO,0.037370637
2104,2021-09-30,BRO,0.012087518
2105,2020-05-31,CAG,-0.004193483
2106,2020-08-30,CAG,-0.004146829
2107,2020-11-29,CAG,-0.0041063847
2108,2021-02-28,CAG,-0.0077341804
2109,2021-05-30,CAG,-0.0041391617
2110,2021-08-29,CAG,-0.0042475443
2111,2020-06-30,UAL,-0.2354911
2112,2020-09-30,UAL,-0.24140331
2113,2020-12-31,UAL,-0.30136433
2114,2021-03-31,UAL,-0.23210171
2115,2021-06-30,UAL,-0.03960484
2116,2021-09-30,UAL,0.06325668
2117,2020-06-30,ABMD,0.12737419
2118,2020-09-30,ABMD,0.12871793
2119,2020-12-31,ABMD,0.1286193
2120,2021-03-31,ABMD,0.12709023
2121,2021-06-30,ABMD,0.09974564
2122,2021-09-30,ABMD,0.12521726
2123,2020-06-30,LYV,-0.027713664
2124,2020-09-30,LYV,-0.042778216
2125,2020-12-31,LYV,-0.034271907
2126,2021-03-31,LYV,-0.030825594
2127,2021-06-30,LYV,-0.013580399
2128,2021-09-30,LYV,-0.0040132385
2129,2020-06-30,OMC,-0.0041983593
2130,2020-09-30,OMC,-0.0041045006
2131,2020-12-31,OMC,-0.0040060286
2132,2021-03-31,OMC,-0.0039565293
2133,2021-06-30,OMC,0.014059186
2134,2021-09-30,OMC,0.010541279
2135,2020-06-30,TFX,0.106616564
2136,2020-09-30,TFX,0.10534199
2137,2020-12-31,TFX,0.08355153
2138,2021-03-31,TFX,0.09995069
2139,2021-06-30,TFX,0.09269989
2140,2021-09-30,TFX,0.11476528
2141,2020-06-30,KIM,0.052646738
2142,2020-09-30,KIM,-0.004521611
2143,2020-12-31,KIM,-0.004498924
2144,2021-03-31,KIM,-0.004469555
2145,2021-06-30,KIM,-0.0044414895
2146,2021-09-30,KIM,0.0060469625
2147,2020-06-30,FBHS,0.03568876
2148,2020-09-30,FBHS,0.063831925
2149,2020-12-31,FBHS,0.03460436
2150,2021-03-31,FBHS,0.06808634
2151,2021-06-30,FBHS,0.07683904
2152,2021-09-30,FBHS,0.07132839
2153,2020-06-30,WHR,-0.06225537
2154,2020-09-30,WHR,-0.07346137
2155,2020-12-31,WHR,-0.04157279
2156,2021-03-31,WHR,-0.0131785795
2157,2021-06-30,WHR,-0.030748136
2158,2021-09-30,WHR,-0.024109526
2159,2020-07-31,SJM,0.028547036
2160,2020-10-31,SJM,-0.054184295
2161,2021-01-31,SJM,-0.01186906
2162,2021-04-30,SJM,-0.055293225
2163,2021-07-31,SJM,-0.058295716
2164,2021-10-31,SJM,0.072155625
2165,2020-06-30,LNT,-0.0042243632
2166,2020-09-30,LNT,-0.0041055437
2167,2020-12-31,LNT,-0.00416323
2168,2021-03-31,LNT,-0.0039073676
2169,2021-06-30,LNT,-0.003872708
2170,2021-09-30,LNT,-0.003941808
2171,2020-06-30,NLOK,-0.019375753
2172,2020-09-30,NLOK,-0.02765036
2173,2020-12-31,NLOK,-0.022194298
2174,2021-03-31,NLOK,-0.023784507
2175,2021-06-30,NLOK,-0.023191525
2176,2021-09-30,NLOK,-0.031972095
2177,2020-06-30,CAH,-0.1067545
2178,2020-09-30,CAH,-0.21241716
2179,2020-12-31,CAH,-0.08041857
2180,2021-03-31,CAH,-0.15583375
2181,2021-06-30,CAH,-0.17949769
2182,2021-09-30,CAH,-0.1487397
2183,2020-06-30,CF,-0.0011057211
2184,2020-09-30,CF,0.02917123
2185,2020-12-31,CF,0.005125929
2186,2021-03-31,CF,0.021233074
2187,2021-06-30,CF,0.016357007
2188,2021-09-30,CF,0.056831554
2189,2020-06-30,FFIV,0.08518183
2190,2020-09-30,FFIV,0.07519454
2191,2020-12-31,FFIV,0.104365475
2192,2021-03-31,FFIV,0.12511939
2193,2021-06-30,FFIV,0.11413753
2194,2021-09-30,FFIV,0.12236474
2195,2020-06-30,MKTX,0.20468597
2196,2020-09-30,MKTX,0.22301507
2197,2020-12-31,MKTX,0.23275462
2198,2021-03-31,MKTX,0.23041672
2199,2021-06-30,MKTX,0.23134604
2200,2021-09-30,MKTX,0.23769492
2201,2020-06-30,CBOE,0.06178407
2202,2020-09-30,CBOE,0.051914144
2203,2020-12-31,CBOE,0.038810268
2204,2021-03-31,CBOE,0.06883076
2205,2021-06-30,CBOE,0.08393813
2206,2021-09-30,CBOE,0.094218515
2207,2020-06-30,LUMN,0.0055321218
2208,2020-09-30,LUMN,-0.0032336721
2209,2020-12-31,LUMN,0.04503122
2210,2021-03-31,LUMN,-0.012982616
2211,2021-06-30,LUMN,-0.004111911
2212,2021-09-30,LUMN,-0.005636812
2213,2020-06-30,PHM,-0.0043358733
2214,2020-09-30,PHM,-1.0427786e-05
2215,2020-12-31,PHM,-0.0042456794
2216,2021-03-31,PHM,-0.004255706
2217,2021-06-30,PHM,0.0023936871
2218,2021-09-30,PHM,-0.00422499
2219,2020-07-31,BF-B,0.042589895
2220,2020-10-31,BF-B,0.028845644
2221,2021-01-31,BF-B,0.025974741
2222,2021-04-30,BF-B,0.007811298
2223,2021-07-31,BF-B,0.027998025
2224,2020-06-30,IRM,-0.007526581
2225,2020-09-30,IRM,-0.0042962693
2226,2020-12-31,IRM,-0.01958262
2227,2021-03-31,IRM,-0.004265368
2228,2021-06-30,IRM,0.031211125
2229,2021-09-30,IRM,-0.0042196154
2230,2020-06-30,IPG,-0.023367729
2231,2020-09-30,IPG,-0.022822866
2232,2020-12-31,IPG,-0.048168343
2233,2021-03-31,IPG,-0.023521552
2234,2021-06-30,IPG,-0.03418437
2235,2021-09-30,IPG,-0.028716763
2236,2020-06-30,FMC,0.0562678
2237,2020-09-30,FMC,0.066924155
2238,2020-12-31,FMC,0.0703006
2239,2021-03-31,FMC,0.05554266
2240,2021-06-30,FMC,0.059016924
2241,2021-09-30,FMC,0.051144127
2242,2020-06-30,LVS,-0.0046279966
2243,2020-09-30,LVS,-0.004629505
2244,2020-12-31,LVS,-0.0075394576
2245,2021-03-31,LVS,-0.0043000206
2246,2021-06-30,LVS,-0.0043286625
2247,2021-09-30,LVS,-0.030945575
2248,2020-06-30,RHI,0.03731244
2249,2020-09-30,RHI,0.03599836
2250,2020-12-31,RHI,0.035500214
2251,2021-03-31,RHI,0.044599377
2252,2021-06-30,RHI,0.04845453
2253,2021-09-30,RHI,0.054053206
2254,2020-06-30,MRO,-0.0917294
2255,2020-09-30,MRO,0.039227765
2256,2020-12-31,MRO,-0.0746387
2257,2021-03-31,MRO,0.061587643
2258,2021-06-30,MRO,-0.04606315
2259,2021-09-30,MRO,-0.046812654
2260,2020-06-30,PNR,0.009322297
2261,2020-09-30,PNR,0.022301558
2262,2020-12-31,PNR,0.030682324
2263,2021-03-31,PNR,0.042755794
2264,2021-06-30,PNR,0.048940085
2265,2021-09-30,PNR,0.06297147
2266,2020-06-30,CHRW,0.025063451
2267,2020-09-30,CHRW,0.024052184
2268,2020-12-31,CHRW,0.03425718
2269,2021-03-31,CHRW,0.01002921
2270,2021-06-30,CHRW,0.0025074468
2271,2021-09-30,CHRW,-0.0038126383
2272,2020-06-30,TPR,-0.01793401
2273,2020-09-30,TPR,-0.06707283
2274,2020-12-31,TPR,-0.01836394
2275,2021-03-31,TPR,0.013744
2276,2021-06-30,TPR,0.015383169
2277,2021-09-30,TPR,-0.0036948447
2278,2020-06-30,HAS,-0.0040782564
2279,2020-09-30,HAS,0.023479978
2280,2020-12-31,HAS,-0.00068714074
2281,2021-03-31,HAS,0.052217703
2282,2021-06-30,HAS,0.032706674
2283,2021-09-30,HAS,0.07512473
2284,2020-06-30,PKG,0.07141459
2285,2020-09-30,PKG,0.07291986
2286,2020-12-31,PKG,0.08963444
2287,2021-03-31,PKG,0.08982233
2288,2021-06-30,PKG,0.08859747
2289,2021-09-30,PKG,0.08288187
2290,2020-06-30,MOS,-0.036868643
2291,2020-09-30,MOS,-0.0045395074
2292,2020-12-31,MOS,-0.058025125
2293,2021-03-31,MOS,-0.02710998
2294,2021-06-30,MOS,-0.06309831
2295,2021-09-30,MOS,-0.004797552
2296,2020-06-30,LNC,-0.033890076
2297,2020-09-30,LNC,-0.03439307
2298,2020-12-31,LNC,-0.07121386
2299,2021-03-31,LNC,-0.095747866
2300,2021-06-30,LNC,-0.04809398
2301,2021-09-30,LNC,-0.086080775
2302,2020-06-30,AAL,-0.30706143
2303,2020-09-30,AAL,-0.50956535
2304,2020-12-31,AAL,-0.4566081
2305,2021-03-31,AAL,-0.44622612
2306,2021-06-30,AAL,-0.2769571
2307,2021-09-30,AAL,-0.35160193
2308,2020-06-30,LDOS,-0.0214855
2309,2020-09-30,LDOS,0.016131498
2310,2020-12-31,LDOS,0.037432034
2311,2021-03-31,LDOS,0.04099792
2312,2021-06-30,LDOS,0.0052409875
2313,2021-09-30,LDOS,0.009775497
2314,2020-06-30,ATO,0.059760194
2315,2020-09-30,ATO,0.05751165
2316,2020-12-31,ATO,0.053596336
2317,2021-03-31,ATO,0.049032517
2318,2021-06-30,ATO,0.04324116
2319,2021-09-30,ATO,-0.034959137
2320,2020-06-30,HST,-0.039209355
2321,2020-09-30,HST,-0.004683433
2322,2020-12-31,HST,-0.0045410236
2323,2021-03-31,HST,-0.004606867
2324,2021-06-30,HST,-0.0046202363
2325,2021-09-30,HST,-0.004636943
2326,2020-06-30,WRB,-0.03457683
2327,2020-09-30,WRB,-0.03638216
2328,2020-12-31,WRB,-0.024677016
2329,2021-03-31,WRB,-0.028060274
2330,2021-06-30,WRB,-0.020440307
2331,2021-09-30,WRB,-0.028336635
2332,2020-06-30,HWM,-0.004448149
2333,2020-09-30,HWM,-0.0043835817
2334,2020-12-31,HWM,-0.0049045538
2335,2021-03-31,HWM,-0.00523117
2336,2021-06-30,HWM,-0.0043157646
2337,2021-09-30,HWM,-0.004351196
2338,2020-06-30,REG,0.020173682
2339,2020-09-30,REG,0.006784214
2340,2020-12-31,REG,0.024162177
2341,2021-03-31,REG,0.037842445
2342,2021-06-30,REG,0.054466303
2343,2021-09-30,REG,0.054699045
2344,2020-06-30,BWA,-0.0043462743
2345,2020-09-30,BWA,0.021910716
2346,2020-12-31,BWA,0.01824745
2347,2021-03-31,BWA,0.03426615
2348,2021-06-30,BWA,0.025011053
2349,2021-09-30,BWA,0.02488694
2350,2020-06-30,AOS,0.022083573
2351,2020-09-30,AOS,0.026793625
2352,2020-12-31,AOS,0.03323453
2353,2021-03-31,AOS,0.04518909
2354,2021-06-30,AOS,0.049891382
2355,2021-09-30,AOS,0.047962792
2356,2020-06-30,XRAY,0.017214388
2357,2020-09-30,XRAY,0.017298346
2358,2020-12-31,XRAY,-0.0056969533
2359,2021-03-31,XRAY,0.024868654
2360,2021-06-30,XRAY,0.03838319
2361,2021-09-30,XRAY,0.044456873
2362,2020-06-30,RE,0.049492974
2363,2020-09-30,RE,0.037530527
2364,2020-12-31,RE,-0.0036695846
2365,2021-03-31,RE,0.053968444
2366,2021-06-30,RE,0.09066022
2367,2021-09-30,RE,-0.0036695846
2368,2020-06-30,ZION,-0.02332373
2369,2020-09-30,ZION,-0.004082441
2370,2020-12-31,ZION,-0.004008197
2371,2021-03-31,ZION,-0.052807048
2372,2021-06-30,ZION,-0.02063421
2373,2021-09-30,ZION,-0.015695253
2374,2020-06-30,JNPR,-0.0044427444
2375,2020-09-30,JNPR,-0.0044380357
2376,2020-12-31,JNPR,-0.0044656508
2377,2021-03-31,JNPR,-0.0044536293
2378,2021-06-30,JNPR,-0.004421654
2379,2021-09-30,JNPR,-0.004400595
2380,2020-06-30,HSIC,0.028008835
2381,2020-09-30,HSIC,0.042793352
2382,2020-12-31,HSIC,0.06859872
2383,2021-03-31,HSIC,0.058086157
2384,2021-06-30,HSIC,0.07712115
2385,2021-09-30,HSIC,0.08030874
2386,2020-06-30,ALLE,0.096289694
2387,2020-09-30,ALLE,0.08932837
2388,2020-12-31,ALLE,0.1052241
2389,2021-03-31,ALLE,0.11085745
2390,2021-06-30,ALLE,0.12917268
2391,2021-09-30,ALLE,0.06672626
2392,2020-06-30,SNA,0.07180096
2393,2020-09-30,SNA,0.06403942
2394,2020-12-31,SNA,0.0705193
2395,2021-03-31,SNA,0.060923148
2396,2021-06-30,SNA,0.06419521
2397,2021-09-30,SNA,0.08867081
2398,2020-06-30,CMA,-0.029872488
2399,2020-09-30,CMA,-0.05852205
2400,2020-12-31,CMA,0.11001184
2401,2021-03-31,CMA,-0.002697681
2402,2021-06-30,CMA,-0.00413406
2403,2021-09-30,CMA,0.0064514386
2404,2020-06-30,JKHY,0.10959892
2405,2020-09-30,JKHY,0.09264668
2406,2020-12-31,JKHY,0.094430245
2407,2021-03-31,JKHY,0.090338334
2408,2021-06-30,JKHY,0.09932121
2409,2021-09-30,JKHY,0.09949752
2410,2020-06-30,L,-0.016603665
2411,2020-09-30,L,-0.009183563
2412,2020-12-31,L,-0.0043744757
2413,2021-03-31,L,-0.0044256444
2414,2021-06-30,L,-0.0028312127
2415,2021-09-30,L,-0.004360488
2416,2020-06-30,APA,-0.08329555
2417,2020-09-30,APA,-0.024384014
2418,2020-12-31,APA,-0.018277863
2419,2021-03-31,APA,-0.0347452
2420,2021-06-30,APA,-0.017174676
2421,2021-09-30,APA,-0.0131606255
2422,2020-06-30,NI,-0.004364201
2423,2020-09-30,NI,-0.004406432
2424,2020-12-31,NI,-0.0042522517
2425,2021-03-31,NI,-0.0043010763
2426,2021-06-30,NI,-0.010239154
2427,2021-09-30,NI,-0.0044142553
2428,2020-06-30,MHK,0.0016833725
2429,2020-09-30,MHK,0.00774758
2430,2020-12-31,MHK,0.028447768
2431,2021-03-31,MHK,0.04202845
2432,2021-06-30,MHK,0.056851916
2433,2021-09-30,MHK,0.071298555
2434,2020-06-30,SEE,0.022103868
2435,2020-09-30,SEE,0.030284481
2436,2020-12-31,SEE,0.03688646
2437,2021-03-31,SEE,0.03440568
2438,2021-06-30,SEE,0.041067213
2439,2021-09-30,SEE,0.02425972
2440,2020-06-30,UHS,0.034315992
2441,2020-09-30,UHS,0.053436622
2442,2020-12-31,UHS,0.08229175
2443,2021-03-31,UHS,0.08060906
2444,2021-06-30,UHS,0.115901336
2445,2021-09-30,UHS,0.10176585
2446,2020-06-30,BEN,-0.024632806
2447,2020-09-30,BEN,-0.03708647
2448,2020-12-31,BEN,-0.03549794
2449,2021-03-31,BEN,-0.02474905
2450,2021-06-30,BEN,-0.027874094
2451,2021-09-30,BEN,-0.006189761
2452,2020-06-30,NRG,6.05972e-05
2453,2020-09-30,NRG,-0.0043040165
2454,2020-12-31,NRG,-0.01266058
2455,2021-03-31,NRG,-0.013928689
2456,2021-06-30,NRG,0.0007807263
2457,2021-09-30,NRG,0.029339215
2458,2020-06-30,FRT,0.085551165
2459,2020-09-30,FRT,0.06971785
2460,2020-12-31,FRT,0.09017114
2461,2021-03-31,FRT,0.10455679
2462,2021-06-30,FRT,0.11657359
2463,2021-09-30,FRT,0.12292505
2464,2020-06-30,WYNN,-0.063545324
2465,2020-09-30,WYNN,-0.045415673
2466,2020-12-31,WYNN,-0.0039893202
2467,2021-03-31,WYNN,-0.003934392
2468,2021-06-30,WYNN,-0.0039169006
2469,2021-09-30,WYNN,-0.013817076
2470,2020-06-30,NWSA,-0.0046216976
2471,2020-09-30,NWSA,-0.03941366
2472,2020-12-31,NWSA,-0.025937185
2473,2021-03-31,NWSA,-0.004812971
2474,2021-06-30,NWSA,-0.059330117
2475,2021-09-30,NWSA,-0.03525316
2476,2020-06-30,TAP,-0.004194238
2477,2020-09-30,TAP,-0.004079113
2478,2020-12-31,TAP,-0.0045522493
2479,2021-03-31,TAP,-0.0040757456
2480,2021-06-30,TAP,-0.0039834585
2481,2021-09-30,TAP,-0.004178265
2482,2020-08-02,CPB,-0.004399496
2483,2020-11-01,CPB,-0.012100631
2484,2021-01-31,CPB,-0.017193554
2485,2021-05-02,CPB,0.033250753
2486,2021-08-01,CPB,0.028020041
2487,2020-06-30,NWL,-0.0044398312
2488,2020-09-30,NWL,-0.0043582516
2489,2020-12-31,NWL,-0.004360942
2490,2021-03-31,NWL,-0.004351518
2491,2021-06-30,NWL,-0.0042759907
2492,2021-09-30,NWL,-0.004324284
2493,2020-06-30,GL,-0.003742663
2494,2020-09-30,GL,-0.0038157385
2495,2020-12-31,GL,-0.0036695846
2496,2021-03-31,GL,-0.0036695846
2497,2021-06-30,GL,-0.0038025638
2498,2021-09-30,GL,-0.01686776
2499,2020-06-30,DISH,-0.004081435
2500,2020-09-30,DISH,-0.0043102396
2501,2020-12-31,DISH,-0.004052627
2502,2021-03-31,DISH,-0.003974232
2503,2021-06-30,DISH,-0.00426634
2504,2021-09-30,DISH,-0.0043102438
2505,2020-06-30,PENN,-0.054812435
2506,2020-09-30,PENN,-0.054394104
2507,2020-12-31,PENN,0.011235222
2508,2021-03-31,PENN,-0.03384929
2509,2021-06-30,PENN,0.014728041
2510,2021-09-30,PENN,0.0050196094
2511,2020-05-03,PVH,-0.009854738
2512,2020-08-02,PVH,0.04134976
2513,2020-11-01,PVH,0.037901815
2514,2021-01-31,PVH,0.062075492
2515,2021-05-02,PVH,0.080013014
2516,2021-08-01,PVH,0.07418064
2517,2020-06-30,IVZ,-0.10676343
2518,2020-09-30,IVZ,-1.5340714
2519,2020-12-31,IVZ,-0.0044450243
2520,2021-03-31,IVZ,-0.0043860697
2521,2021-06-30,IVZ,-0.010923455
2522,2021-09-30,IVZ,-0.0043887077
2523,2020-05-31,LW,0.0042033163
2524,2020-08-30,LW,0.06814927
2525,2020-11-29,LW,0.07371915
2526,2021-02-28,LW,0.08883528
2527,2021-05-30,LW,0.08719117
2528,2021-08-29,LW,0.067237034
2529,2020-06-30,ROL,-0.0031969242
2530,2020-09-30,ROL,0.0044024657
2531,2020-12-31,ROL,0.006980633
2532,2021-03-31,ROL,8.904259e-05
2533,2021-06-30,ROL,0.003592873
2534,2021-09-30,ROL,0.0054724137
2535,2020-06-30,PNW,-0.003999919
2536,2020-09-30,PNW,0.029254442
2537,2020-12-31,PNW,-0.0040578633
2538,2021-03-31,PNW,-0.0040446613
2539,2021-06-30,PNW,-0.0038782815
2540,2021-09-30,PNW,0.009412669
2541,2020-06-30,PBCT,-0.0045619495
2542,2020-09-30,PBCT,-0.004424344
2543,2020-12-31,PBCT,-0.00441255
2544,2021-03-31,PBCT,-0.014335595
2545,2021-06-30,PBCT,-0.010163361
2546,2021-09-30,PBCT,-0.023442259
2547,2020-06-30,NCLH,-0.16107202
2548,2020-09-30,NCLH,-0.2371383
2549,2020-12-31,NCLH,-0.24396992
2550,2021-03-31,NCLH,-0.3340549
2551,2021-06-30,NCLH,-0.13284235
2552,2021-09-30,NCLH,-0.14603916
2553,2020-06-30,DISCK,-0.0043633925
2554,2020-09-30,DISCK,-0.006483301
2555,2020-12-31,DISCK,-0.006324749
2556,2021-03-31,DISCK,-0.03385812
2557,2021-06-30,DISCK,-0.0041464875
2558,2021-09-30,DISCK,-0.004368375
2559,2020-06-30,WU,-0.03062697
2560,2020-09-30,WU,0.0024061883
2561,2020-12-31,WU,-0.011567963
2562,2021-03-31,WU,-0.016263481
2563,2021-06-30,WU,-0.0026842817
2564,2021-09-30,WU,-0.016750854
2565,2020-06-30,DVA,-0.0038434202
2566,2020-09-30,DVA,0.0051698773
2567,2020-12-31,DVA,0.024819393
2568,2021-03-31,DVA,0.04642933
2569,2021-06-30,DVA,0.05726847
2570,2021-09-30,DVA,0.054963354
2571,2020-06-30,VNO,-0.0043760347
2572,2020-09-30,VNO,-0.0061762836
2573,2020-12-31,VNO,-0.012322301
2574,2021-03-31,VNO,-0.005898321
2575,2021-06-30,VNO,0.005654355
2576,2021-09-30,VNO,-0.005569114
2577,2020-06-30,ALK,-0.0043658065
2578,2020-09-30,ALK,-0.004489897
2579,2020-12-31,ALK,-0.0058785398
2580,2021-03-31,ALK,-0.004152682
2581,2021-06-30,ALK,-0.004028519
2582,2021-09-30,ALK,-0.0041715596
2583,2020-06-30,IPGP,0.10207695
2584,2020-09-30,IPGP,0.10375667
2585,2020-12-31,IPGP,0.12593922
2586,2021-03-31,IPGP,0.12189276
2587,2021-06-30,IPGP,0.1186078
2588,2021-09-30,IPGP,0.10148497
2589,2020-06-30,HBI,-0.028223036
2590,2020-09-30,HBI,-0.006431546
2591,2020-12-31,HBI,-0.0046016513
2592,2021-03-31,HBI,-0.02139119
2593,2021-06-30,HBI,-0.0056349244
2594,2021-09-30,HBI,-0.0064127967
2595,2020-06-30,RL,0.05193521
2596,2020-09-30,RL,0.052604552
2597,2020-12-31,RL,0.065497845
2598,2021-03-31,RL,0.08580982
2599,2021-06-30,RL,0.06533101
2600,2021-09-30,RL,0.06102298
2601,2020-06-30,LEG,0.023811867
2602,2020-09-30,LEG,0.042374242
2603,2020-12-31,LEG,0.040567312
2604,2021-03-31,LEG,0.046459965
2605,2021-06-30,LEG,0.05744034
2606,2021-09-30,LEG,0.053205878
2607,2020-06-30,UAA,-0.0046557495
2608,2020-09-30,UAA,-0.014866898
2609,2020-12-31,UAA,-0.013629742
2610,2021-03-31,UAA,-0.004459534
2611,2021-06-30,UAA,-0.0044746343
2612,2021-09-30,UAA,-0.009644239
2613,2020-06-30,UA,-0.008705834
2614,2020-09-30,UA,-0.0045560943
2615,2020-12-31,UA,-0.004427701
2616,2021-03-31,UA,-0.0044736587
2617,2021-06-30,UA,-0.0044802455
2618,2021-09-30,UA,-0.004453159
2619,2020-06-30,DISCA,-0.0043683313
2620,2020-09-30,DISCA,-0.0043752855
2621,2020-12-31,DISCA,-0.0043561356
2622,2021-03-31,DISCA,-0.11390825
2623,2021-06-30,DISCA,-0.0041700546
2624,2021-09-30,DISCA,-0.0043774424
2625,2020-05-02,GPS,-0.07926889
2626,2020-08-01,GPS,-0.014335154
2627,2020-10-31,GPS,-0.009328052
2628,2021-01-30,GPS,-0.005911145
2629,2021-05-01,GPS,-0.0043684994
2630,2021-07-31,GPS,-0.0043210452
2631,2021-10-30,GPS,-0.004607365
2632,2020-06-30,NWS,-0.0046175746
2633,2020-09-30,NWS,-0.055436604
2634,2020-12-31,NWS,-0.045244798
2635,2021-03-31,NWS,-0.050423533
2636,2021-06-30,NWS,-0.06752804
2637,2021-09-30,NWS,-0.05206265
